"","hours","age","number_of_kids","gender"
"1",1.85714285714286,49,4,"FEMALE"
"2",3.42857142857143,49,0,"MALE"
"3",1.85714285714286,26,0,"MALE"
"4",8.85714285714286,25,0,"MALE"
"5",1.85714285714286,44,1,"FEMALE"
"6",5.28571428571429,55,0,"MALE"
"7",3.42857142857143,43,3,"MALE"
"8",1.71428571428571,31,3,"MALE"
"9",4.42857142857143,28,0,"MALE"
"10",6.14285714285714,18,0,"MALE"
"11",5.42857142857143,73,1,"MALE"
"12",4.42857142857143,64,2,"MALE"
"13",8.57142857142857,30,0,"MALE"
"14",2.57142857142857,51,1,"MALE"
"15",7.14285714285714,31,1,"MALE"
"16",3,46,0,"MALE"
"17",2,48,2,"MALE"
"18",7.57142857142857,32,2,"MALE"
"19",3.28571428571429,69,4,"MALE"
"20",9,20,1,"MALE"
"21",7.85714285714286,30,0,"MALE"
"22",7.42857142857143,42,3,"MALE"
"23",7.28571428571429,21,0,"MALE"
"24",5.28571428571429,18,4,"MALE"
"25",4.71428571428571,30,0,"MALE"
"26",8.28571428571429,29,1,"MALE"
"27",5.14285714285714,28,4,"MALE"
"28",5.57142857142857,24,0,"MALE"
"29",7.14285714285714,31,0,"MALE"
"30",1.42857142857143,25,0,"FEMALE"
"31",1.57142857142857,41,3,"FEMALE"
"32",8.42857142857143,44,1,"MALE"
"33",8.85714285714286,25,4,"MALE"
"34",7.28571428571429,32,2,"MALE"
"35",6.85714285714286,28,0,"MALE"
"36",3.85714285714286,23,0,"MALE"
"37",6.28571428571429,46,2,"MALE"
"38",5.42857142857143,42,2,"MALE"
"39",1.71428571428571,23,0,"FEMALE"
"40",2.28571428571429,31,2,"MALE"
"41",7.71428571428571,20,4,"MALE"
"42",4.42857142857143,65,1,"MALE"
"43",5.42857142857143,21,4,"MALE"
"44",6.14285714285714,19,1,"MALE"
"45",5.14285714285714,51,0,"MALE"
"46",4.14285714285714,18,0,"MALE"
"47",3.71428571428571,22,0,"MALE"
"48",4.28571428571429,51,2,"MALE"
"49",2.28571428571429,73,3,"FEMALE"
"50",1.85714285714286,29,2,"FEMALE"
"51",8.42857142857143,29,0,"MALE"
"52",2,34,0,"FEMALE"
"53",4.28571428571429,48,1,"MALE"
"54",3,38,3,"MALE"
"55",4.85714285714286,31,2,"MALE"
"56",4,21,2,"MALE"
"57",6.85714285714286,35,0,"MALE"
"58",1,44,0,"MALE"
"59",7.14285714285714,21,0,"MALE"
"60",2.57142857142857,30,0,"MALE"
"61",1.85714285714286,40,0,"MALE"
"62",8.42857142857143,24,0,"MALE"
"63",6.14285714285714,71,0,"MALE"
"64",8.14285714285714,34,4,"MALE"
"65",8.28571428571429,19,1,"MALE"
"66",5,49,4,"MALE"
"67",1.71428571428571,50,3,"MALE"
"68",1.57142857142857,45,0,"FEMALE"
"69",2.42857142857143,45,3,"FEMALE"
"70",3,51,0,"MALE"
"71",9,30,2,"MALE"
"72",8,46,3,"MALE"
"73",8.42857142857143,27,2,"MALE"
"74",1.85714285714286,33,0,"FEMALE"
"75",1.85714285714286,43,1,"FEMALE"
"76",1.71428571428571,33,0,"FEMALE"
"77",1.42857142857143,42,2,"MALE"
"78",3.14285714285714,48,0,"MALE"
"79",2,35,2,"FEMALE"
"80",7.14285714285714,19,4,"MALE"
"81",1.42857142857143,43,2,"MALE"
"82",2.42857142857143,33,0,"MALE"
"83",7.14285714285714,39,4,"FEMALE"
"84",8.42857142857143,26,3,"MALE"
"85",3.71428571428571,21,0,"MALE"
"86",5.57142857142857,63,3,"MALE"
"87",3.42857142857143,38,2,"MALE"
"88",2.71428571428571,19,4,"FEMALE"
"89",9.57142857142857,30,1,"MALE"
"90",1.42857142857143,28,4,"FEMALE"
"91",7.14285714285714,27,0,"MALE"
"92",2.14285714285714,61,1,"MALE"
"93",7.85714285714286,22,1,"MALE"
"94",6.57142857142857,38,0,"MALE"
"95",1.71428571428571,26,0,"MALE"
"96",4.85714285714286,54,2,"MALE"
"97",7.14285714285714,46,0,"MALE"
"98",1.14285714285714,58,2,"FEMALE"
"99",5.71428571428571,26,3,"MALE"
"100",1.71428571428571,41,0,"FEMALE"
"101",8.28571428571429,39,3,"MALE"
"102",5.28571428571429,75,4,"MALE"
"103",8.71428571428571,19,3,"MALE"
"104",5.71428571428571,69,0,"MALE"
"105",3.57142857142857,46,4,"FEMALE"
"106",2.85714285714286,20,0,"MALE"
"107",6.28571428571429,46,3,"MALE"
"108",9.14285714285714,25,2,"MALE"
"109",4.42857142857143,20,0,"MALE"
"110",3.28571428571429,42,4,"MALE"
"111",8.14285714285714,26,0,"MALE"
"112",3.42857142857143,23,0,"MALE"
"113",6.71428571428571,44,2,"FEMALE"
"114",5.42857142857143,29,0,"MALE"
"115",3.14285714285714,72,4,"MALE"
"116",8.42857142857143,25,0,"MALE"
"117",3.28571428571429,21,0,"MALE"
"118",7.71428571428571,22,0,"MALE"
"119",4,25,0,"MALE"
"120",4.85714285714286,18,0,"FEMALE"
"121",5.14285714285714,68,1,"MALE"
"122",3.85714285714286,24,0,"MALE"
"123",1.14285714285714,39,4,"MALE"
"124",1.85714285714286,39,2,"MALE"
"125",7.42857142857143,35,0,"MALE"
"126",6.42857142857143,35,3,"MALE"
"127",3.85714285714286,42,0,"MALE"
"128",7.71428571428571,30,0,"MALE"
"129",8.14285714285714,35,1,"MALE"
"130",1.14285714285714,37,3,"FEMALE"
"131",7.28571428571429,42,1,"MALE"
"132",4.57142857142857,47,2,"MALE"
"133",7.28571428571429,43,1,"MALE"
"134",1.57142857142857,39,3,"MALE"
"135",6.57142857142857,43,0,"MALE"
"136",2.85714285714286,18,1,"FEMALE"
"137",3.85714285714286,45,1,"MALE"
"138",4.85714285714286,40,4,"MALE"
"139",4.28571428571429,38,2,"MALE"
"140",1.57142857142857,20,0,"FEMALE"
"141",3.14285714285714,44,1,"MALE"
"142",3.14285714285714,39,1,"FEMALE"
"143",7.57142857142857,27,0,"MALE"
"144",1.85714285714286,26,4,"MALE"
"145",8.71428571428571,36,3,"MALE"
"146",6.28571428571429,41,3,"FEMALE"
"147",2.57142857142857,23,0,"FEMALE"
"148",1,23,0,"FEMALE"
"149",1.57142857142857,50,1,"FEMALE"
"150",4.28571428571429,30,1,"MALE"
"151",2.42857142857143,18,0,"MALE"
"152",2.28571428571429,21,0,"FEMALE"
"153",2.14285714285714,32,4,"MALE"
"154",2.14285714285714,48,2,"FEMALE"
"155",1.71428571428571,19,0,"MALE"
"156",0.857142857142857,25,0,"FEMALE"
"157",4.42857142857143,44,3,"MALE"
"158",9,24,0,"MALE"
"159",7.57142857142857,33,4,"MALE"
"160",5.57142857142857,30,4,"MALE"
"161",3.71428571428571,53,0,"MALE"
"162",5.57142857142857,61,2,"MALE"
"163",3.85714285714286,31,3,"MALE"
"164",7.57142857142857,34,0,"MALE"
"165",6.42857142857143,44,4,"MALE"
"166",1.71428571428571,21,0,"FEMALE"
"167",1.71428571428571,21,0,"FEMALE"
"168",5.57142857142857,37,2,"FEMALE"
"169",8.71428571428571,23,1,"MALE"
"170",4.71428571428571,62,0,"MALE"
"171",1.42857142857143,68,0,"MALE"
"172",1.42857142857143,25,0,"FEMALE"
"173",7,34,2,"MALE"
"174",2.42857142857143,36,2,"FEMALE"
"175",2.57142857142857,24,0,"MALE"
"176",6,59,2,"MALE"
"177",7.14285714285714,36,0,"MALE"
"178",7,22,0,"FEMALE"
"179",7,22,0,"FEMALE"
"180",2.42857142857143,24,0,"FEMALE"
"181",6.57142857142857,70,1,"MALE"
"182",6.14285714285714,51,2,"MALE"
"183",2.14285714285714,23,0,"MALE"
"184",3.14285714285714,26,0,"MALE"
"185",2.85714285714286,28,1,"MALE"
"186",1.85714285714286,28,0,"MALE"
"187",5.14285714285714,31,0,"MALE"
"188",10.1428571428571,25,1,"MALE"
"189",4.57142857142857,22,2,"MALE"
"190",4.14285714285714,55,4,"FEMALE"
"191",1.85714285714286,46,0,"MALE"
"192",8.14285714285714,18,3,"MALE"
"193",7.71428571428571,35,0,"MALE"
"194",4.57142857142857,25,0,"MALE"
"195",1,22,0,"FEMALE"
"196",2.71428571428571,50,3,"FEMALE"
"197",6,46,0,"MALE"
"198",7.42857142857143,37,0,"MALE"
"199",2.85714285714286,30,1,"MALE"
"200",4,20,0,"MALE"
"201",8.71428571428571,22,0,"MALE"
"202",6,59,0,"MALE"
"203",4.28571428571429,51,1,"MALE"
"204",2.14285714285714,20,0,"MALE"
"205",4.28571428571429,19,0,"MALE"
"206",2.71428571428571,44,1,"FEMALE"
"207",8.14285714285714,29,2,"MALE"
"208",4,67,1,"FEMALE"
"209",4.42857142857143,22,0,"MALE"
"210",3.28571428571429,33,3,"FEMALE"
"211",2.57142857142857,30,2,"MALE"
"212",7,31,4,"MALE"
"213",3.42857142857143,35,0,"MALE"
"214",8.28571428571429,48,4,"MALE"
"215",1.57142857142857,35,4,"FEMALE"
"216",1,36,0,"FEMALE"
"217",3.57142857142857,19,0,"MALE"
"218",7.85714285714286,20,0,"MALE"
"219",5.71428571428571,21,0,"MALE"
"220",3.57142857142857,19,0,"MALE"
"221",3.42857142857143,51,0,"MALE"
"222",8,46,4,"MALE"
"223",6.85714285714286,31,4,"MALE"
"224",3.42857142857143,51,4,"MALE"
"225",2.42857142857143,26,1,"FEMALE"
"226",1.71428571428571,25,0,"FEMALE"
"227",5.57142857142857,74,2,"MALE"
"228",5.14285714285714,59,2,"MALE"
"229",1.85714285714286,46,2,"FEMALE"
"230",7.85714285714286,47,1,"MALE"
"231",7.71428571428571,27,3,"MALE"
"232",6.57142857142857,21,0,"MALE"
"233",1.85714285714286,31,0,"MALE"
"234",5.71428571428571,33,0,"MALE"
"235",8.85714285714286,18,0,"MALE"
"236",7.71428571428571,47,3,"MALE"
"237",7.42857142857143,35,1,"MALE"
"238",2.28571428571429,23,2,"MALE"
"239",1.85714285714286,26,3,"FEMALE"
"240",1.28571428571429,51,2,"FEMALE"
"241",8.28571428571429,22,0,"MALE"
"242",6.28571428571429,18,0,"FEMALE"
"243",4.42857142857143,29,0,"FEMALE"
"244",1.57142857142857,20,0,"MALE"
"245",3,55,1,"MALE"
"246",2.71428571428571,46,4,"FEMALE"
"247",1.71428571428571,19,0,"FEMALE"
"248",3.42857142857143,36,1,"MALE"
"249",1.85714285714286,40,3,"FEMALE"
"250",8.28571428571429,25,0,"MALE"
"251",4.14285714285714,48,2,"FEMALE"
"252",7.28571428571429,18,3,"MALE"
"253",5.85714285714286,55,3,"MALE"
"254",3.42857142857143,71,3,"MALE"
"255",3.71428571428571,36,2,"FEMALE"
"256",8.42857142857143,49,4,"MALE"
"257",4,23,0,"MALE"
"258",1.71428571428571,45,0,"MALE"
"259",2,45,3,"FEMALE"
"260",7.57142857142857,23,0,"MALE"
"261",6.71428571428571,36,0,"MALE"
"262",2.14285714285714,21,2,"FEMALE"
"263",5.42857142857143,28,0,"MALE"
"264",3.42857142857143,21,0,"MALE"
"265",7.28571428571429,26,0,"FEMALE"
"266",6.57142857142857,28,1,"MALE"
"267",2.71428571428571,50,0,"FEMALE"
"268",5.42857142857143,64,1,"MALE"
"269",5.57142857142857,31,3,"FEMALE"
"270",3.57142857142857,43,0,"MALE"
"271",3.85714285714286,52,0,"MALE"
"272",2.42857142857143,24,0,"MALE"
"273",1.57142857142857,26,0,"FEMALE"
"274",1.85714285714286,22,0,"FEMALE"
"275",2.57142857142857,18,0,"MALE"
"276",6,19,0,"MALE"
"277",2.42857142857143,38,1,"MALE"
"278",6.14285714285714,53,4,"MALE"
"279",0.714285714285714,19,0,"FEMALE"
"280",2.71428571428571,48,0,"MALE"
"281",5.85714285714286,28,0,"MALE"
"282",1.42857142857143,24,2,"MALE"
"283",4.28571428571429,21,0,"MALE"
"284",6,51,3,"FEMALE"
"285",7.85714285714286,31,4,"MALE"
"286",6.14285714285714,31,0,"MALE"
"287",4.71428571428571,41,4,"MALE"
"288",3,21,0,"MALE"
"289",3.28571428571429,30,3,"MALE"
"290",3,46,4,"FEMALE"
"291",3.85714285714286,51,3,"MALE"
"292",3.71428571428571,62,0,"MALE"
"293",6.42857142857143,30,3,"MALE"
"294",4.28571428571429,28,0,"MALE"
"295",4,55,4,"MALE"
"296",6.14285714285714,42,2,"MALE"
"297",1.28571428571429,23,0,"FEMALE"
"298",1.71428571428571,25,0,"FEMALE"
"299",2.71428571428571,28,0,"MALE"
"300",2.71428571428571,37,0,"FEMALE"
"301",3.85714285714286,18,0,"MALE"
"302",0,18,0,"MALE"
"303",7.85714285714286,32,2,"MALE"
"304",2.57142857142857,41,3,"FEMALE"
"305",4.14285714285714,47,4,"MALE"
"306",4.28571428571429,19,3,"MALE"
"307",2.42857142857143,72,1,"MALE"
"308",3.57142857142857,34,3,"MALE"
"309",8.57142857142857,30,2,"MALE"
"310",2.71428571428571,45,4,"MALE"
"311",8.71428571428571,31,2,"MALE"
"312",5.57142857142857,26,0,"MALE"
"313",4.71428571428571,19,0,"MALE"
"314",1,21,0,"FEMALE"
"315",1.57142857142857,46,3,"MALE"
"316",6.42857142857143,51,4,"MALE"
"317",7.57142857142857,27,2,"MALE"
"318",4.14285714285714,22,0,"MALE"
"319",8,24,2,"MALE"
"320",7.28571428571429,39,0,"MALE"
"321",2,48,0,"FEMALE"
"322",2.42857142857143,19,0,"FEMALE"
"323",1.85714285714286,21,0,"FEMALE"
"324",4.57142857142857,28,0,"MALE"
"325",4.28571428571429,23,0,"MALE"
"326",5.57142857142857,33,0,"FEMALE"
"327",6,66,0,"MALE"
"328",8.14285714285714,29,0,"MALE"
"329",0.857142857142857,38,3,"FEMALE"
"330",1.71428571428571,18,0,"MALE"
"331",4.85714285714286,23,0,"FEMALE"
"332",6,47,0,"MALE"
"333",5.71428571428571,34,0,"MALE"
"334",1.71428571428571,39,0,"MALE"
"335",2.42857142857143,67,1,"MALE"
"336",7.71428571428571,38,3,"MALE"
"337",4.14285714285714,33,1,"MALE"
"338",6,54,0,"MALE"
"339",0.857142857142857,22,0,"FEMALE"
"340",2.71428571428571,35,0,"MALE"
"341",6,35,0,"MALE"
"342",2.28571428571429,51,3,"FEMALE"
"343",5.71428571428571,65,1,"MALE"
"344",1.57142857142857,18,0,"FEMALE"
"345",1.57142857142857,34,1,"MALE"
"346",4.28571428571429,40,3,"MALE"
"347",7,21,0,"MALE"
"348",6.14285714285714,22,4,"MALE"
"349",6.71428571428571,34,2,"MALE"
"350",6.85714285714286,32,3,"MALE"
"351",2.14285714285714,28,1,"FEMALE"
"352",6.28571428571429,50,0,"MALE"
"353",2.71428571428571,57,4,"MALE"
"354",8.85714285714286,25,3,"MALE"
"355",7.14285714285714,23,0,"MALE"
"356",6.57142857142857,38,1,"MALE"
"357",1.28571428571429,36,1,"MALE"
"358",7.28571428571429,40,0,"MALE"
"359",6.85714285714286,32,0,"MALE"
"360",8.14285714285714,23,0,"MALE"
"361",2,37,2,"MALE"
"362",1.85714285714286,31,3,"FEMALE"
"363",2.71428571428571,22,4,"MALE"
"364",3.28571428571429,71,3,"MALE"
"365",3.42857142857143,19,0,"MALE"
"366",4.71428571428571,31,2,"MALE"
"367",7.85714285714286,18,4,"MALE"
"368",5.14285714285714,51,0,"MALE"
"369",9,28,0,"MALE"
"370",2.28571428571429,38,1,"FEMALE"
"371",7.28571428571429,32,3,"MALE"
"372",3.85714285714286,26,0,"MALE"
"373",4.71428571428571,38,3,"MALE"
"374",4.71428571428571,26,3,"MALE"
"375",8.28571428571429,29,0,"MALE"
"376",7.57142857142857,23,2,"MALE"
"377",5.71428571428571,44,0,"MALE"
"378",5.14285714285714,50,4,"FEMALE"
"379",1.71428571428571,51,4,"FEMALE"
"380",7,31,0,"MALE"
"381",1.71428571428571,29,0,"MALE"
"382",1.14285714285714,47,3,"MALE"
"383",1.57142857142857,34,0,"FEMALE"
"384",1.71428571428571,49,2,"FEMALE"
"385",3,50,2,"MALE"
"386",4.57142857142857,64,3,"MALE"
"387",9.14285714285714,24,4,"MALE"
"388",7.42857142857143,39,0,"MALE"
"389",2.42857142857143,20,0,"MALE"
"390",4.14285714285714,24,0,"FEMALE"
"391",0.428571428571429,34,4,"MALE"
"392",4.57142857142857,27,0,"MALE"
"393",3,21,0,"MALE"
"394",1.71428571428571,39,3,"FEMALE"
"395",4.85714285714286,53,2,"FEMALE"
"396",2.57142857142857,38,0,"FEMALE"
"397",1.85714285714286,28,0,"MALE"
"398",4.42857142857143,41,0,"FEMALE"
"399",2.14285714285714,25,3,"MALE"
"400",2.85714285714286,35,2,"MALE"
"401",7.71428571428571,29,0,"MALE"
"402",4.42857142857143,73,2,"MALE"
"403",7.85714285714286,27,0,"MALE"
"404",1.28571428571429,23,0,"FEMALE"
"405",6.85714285714286,69,4,"MALE"
"406",1.85714285714286,65,0,"FEMALE"
"407",1.57142857142857,27,0,"MALE"
"408",4,53,1,"MALE"
"409",4.14285714285714,34,0,"FEMALE"
"410",1.57142857142857,34,3,"MALE"
"411",8.28571428571429,24,0,"MALE"
"412",7.14285714285714,39,0,"MALE"
"413",2.42857142857143,23,0,"MALE"
"414",6,18,0,"MALE"
"415",2,33,1,"FEMALE"
"416",5.14285714285714,54,0,"MALE"
"417",2,27,2,"MALE"
"418",2.28571428571429,29,0,"MALE"
"419",2.14285714285714,23,0,"MALE"
"420",8.28571428571429,43,4,"MALE"
"421",2.57142857142857,19,3,"MALE"
"422",4,55,4,"FEMALE"
"423",1.42857142857143,48,4,"MALE"
"424",2.28571428571429,27,0,"MALE"
"425",1.71428571428571,34,3,"MALE"
"426",6.85714285714286,21,0,"MALE"
"427",4,18,0,"MALE"
"428",7.28571428571429,25,4,"MALE"
"429",2.28571428571429,31,0,"MALE"
"430",1.57142857142857,47,3,"FEMALE"
"431",1.71428571428571,28,4,"FEMALE"
"432",1.57142857142857,46,4,"MALE"
"433",2.28571428571429,43,4,"MALE"
"434",6.28571428571429,52,3,"MALE"
"435",1.85714285714286,45,3,"FEMALE"
"436",8.42857142857143,25,2,"MALE"
"437",4,51,4,"MALE"
"438",2.28571428571429,26,2,"FEMALE"
"439",7.14285714285714,26,1,"FEMALE"
"440",5.85714285714286,54,3,"MALE"
"441",8.57142857142857,29,0,"MALE"
"442",3.42857142857143,25,1,"MALE"
"443",1.57142857142857,29,0,"MALE"
"444",5,29,0,"MALE"
"445",4.14285714285714,19,0,"MALE"
"446",2.14285714285714,48,3,"FEMALE"
"447",7.71428571428571,47,2,"MALE"
"448",2.28571428571429,51,0,"MALE"
"449",9.42857142857143,26,3,"MALE"
"450",2.71428571428571,22,0,"MALE"
"451",2.85714285714286,59,2,"MALE"
"452",5.28571428571429,36,0,"FEMALE"
"453",8.85714285714286,21,2,"MALE"
"454",7.57142857142857,36,3,"MALE"
"455",2.28571428571429,18,0,"FEMALE"
"456",1.71428571428571,25,0,"MALE"
"457",4.85714285714286,29,2,"MALE"
"458",5.85714285714286,46,0,"MALE"
"459",1.42857142857143,35,3,"FEMALE"
"460",6.57142857142857,22,0,"MALE"
"461",4.14285714285714,68,4,"MALE"
"462",5,21,0,"MALE"
"463",9.28571428571429,21,0,"MALE"
"464",4.14285714285714,49,1,"MALE"
"465",7.57142857142857,45,3,"MALE"
"466",7.85714285714286,19,1,"MALE"
"467",9.14285714285714,28,4,"MALE"
"468",5,52,0,"MALE"
"469",2.42857142857143,29,4,"FEMALE"
"470",9,30,1,"MALE"
"471",3.28571428571429,27,4,"FEMALE"
"472",3.57142857142857,64,2,"MALE"
"473",4.28571428571429,36,2,"MALE"
"474",7.42857142857143,44,0,"MALE"
"475",4.28571428571429,19,0,"MALE"
"476",2.14285714285714,23,3,"MALE"
"477",2.42857142857143,50,2,"FEMALE"
"478",1.28571428571429,42,4,"MALE"
"479",1.85714285714286,24,1,"FEMALE"
"480",4.57142857142857,28,3,"MALE"
"481",2.14285714285714,40,2,"FEMALE"
"482",8.28571428571429,47,2,"MALE"
"483",7.71428571428571,49,3,"MALE"
"484",2.28571428571429,21,1,"MALE"
"485",8.71428571428571,29,4,"MALE"
"486",1.14285714285714,37,0,"FEMALE"
"487",6.28571428571429,39,0,"MALE"
"488",1.71428571428571,25,0,"FEMALE"
"489",1,26,0,"MALE"
"490",2.42857142857143,27,1,"MALE"
"491",1.71428571428571,30,0,"MALE"
"492",8.57142857142857,23,0,"MALE"
"493",1.57142857142857,67,0,"MALE"
"494",4.42857142857143,69,0,"MALE"
"495",4.14285714285714,45,3,"MALE"
"496",8.57142857142857,32,4,"MALE"
"497",2.85714285714286,24,0,"MALE"
"498",2.57142857142857,37,0,"FEMALE"
"499",1.71428571428571,19,0,"MALE"
"500",2.57142857142857,26,1,"FEMALE"
"501",1.14285714285714,43,3,"MALE"
"502",4.57142857142857,20,0,"MALE"
"503",3,59,0,"MALE"
"504",1.42857142857143,19,1,"MALE"
"505",3.42857142857143,55,3,"MALE"
"506",2.42857142857143,30,2,"FEMALE"
"507",3.28571428571429,29,0,"MALE"
"508",4.14285714285714,23,0,"MALE"
"509",4.71428571428571,27,0,"FEMALE"
"510",4.14285714285714,67,0,"MALE"
"511",4.71428571428571,24,0,"MALE"
"512",7,20,0,"MALE"
"513",4.85714285714286,51,1,"MALE"
"514",6.85714285714286,20,0,"MALE"
"515",3,37,1,"MALE"
"516",8.42857142857143,38,2,"MALE"
"517",2.28571428571429,26,0,"MALE"
"518",9.71428571428571,23,4,"MALE"
"519",6,46,1,"FEMALE"
"520",2.57142857142857,36,1,"FEMALE"
"521",2.14285714285714,24,0,"MALE"
"522",2.14285714285714,45,4,"MALE"
"523",6.14285714285714,57,4,"MALE"
"524",4.42857142857143,29,4,"MALE"
"525",6.85714285714286,23,4,"FEMALE"
"526",7,25,0,"MALE"
"527",3.85714285714286,28,0,"MALE"
"528",5.57142857142857,55,3,"FEMALE"
"529",6.42857142857143,31,0,"MALE"
"530",2.85714285714286,23,0,"MALE"
"531",8.71428571428571,23,0,"MALE"
"532",2.14285714285714,50,2,"FEMALE"
"533",8.28571428571429,42,3,"MALE"
"534",3.28571428571429,33,0,"MALE"
"535",1.85714285714286,33,3,"FEMALE"
"536",2.71428571428571,65,3,"MALE"
"537",6.42857142857143,24,0,"FEMALE"
"538",1.85714285714286,71,2,"MALE"
"539",3,19,0,"FEMALE"
"540",1.57142857142857,32,0,"FEMALE"
"541",8.14285714285714,47,1,"MALE"
"542",1.42857142857143,42,0,"MALE"
"543",1.57142857142857,32,1,"MALE"
"544",5,27,4,"MALE"
"545",2.85714285714286,31,1,"MALE"
"546",2.85714285714286,38,2,"MALE"
"547",1.71428571428571,18,0,"FEMALE"
"548",4.71428571428571,67,0,"MALE"
"549",3.57142857142857,31,3,"MALE"
"550",3.14285714285714,40,2,"MALE"
"551",5.14285714285714,34,0,"MALE"
"552",1.28571428571429,33,0,"FEMALE"
"553",1.42857142857143,31,2,"MALE"
"554",1.28571428571429,65,3,"MALE"
"555",3.71428571428571,27,1,"MALE"
"556",6,31,3,"MALE"
"557",1.85714285714286,60,2,"FEMALE"
"558",9.14285714285714,21,1,"MALE"
"559",2.42857142857143,32,2,"FEMALE"
"560",2,26,2,"FEMALE"
"561",7.14285714285714,22,0,"MALE"
"562",4.28571428571429,23,0,"MALE"
"563",2.14285714285714,34,3,"MALE"
"564",2.57142857142857,30,0,"FEMALE"
"565",1.85714285714286,44,1,"MALE"
"566",1.28571428571429,70,4,"MALE"
"567",2.28571428571429,20,0,"MALE"
"568",8.28571428571429,38,1,"MALE"
"569",3,21,0,"FEMALE"
"570",1.85714285714286,34,0,"FEMALE"
"571",8.28571428571429,32,4,"MALE"
"572",6.42857142857143,36,0,"MALE"
"573",4.42857142857143,38,0,"MALE"
"574",6.57142857142857,31,3,"MALE"
"575",2.28571428571429,30,3,"MALE"
"576",6.85714285714286,43,4,"MALE"
"577",5.14285714285714,51,4,"MALE"
"578",2.14285714285714,21,0,"MALE"
"579",10,26,3,"MALE"
"580",1.71428571428571,31,0,"MALE"
"581",8.42857142857143,27,0,"MALE"
"582",5.71428571428571,74,0,"MALE"
"583",1.14285714285714,45,1,"FEMALE"
"584",9,42,2,"MALE"
"585",1.71428571428571,31,0,"FEMALE"
"586",2.57142857142857,25,4,"FEMALE"
"587",1.85714285714286,31,1,"MALE"
"588",2.71428571428571,41,3,"MALE"
"589",5.85714285714286,54,0,"MALE"
"590",4,29,2,"MALE"
"591",1.71428571428571,31,2,"MALE"
"592",8,18,0,"MALE"
"593",2.57142857142857,27,3,"FEMALE"
"594",7.14285714285714,50,0,"MALE"
"595",7.71428571428571,24,0,"MALE"
"596",1.28571428571429,30,2,"FEMALE"
"597",7.14285714285714,49,1,"MALE"
"598",7.42857142857143,25,0,"MALE"
"599",3.85714285714286,30,0,"MALE"
"600",2.85714285714286,31,3,"MALE"
"601",5.14285714285714,59,0,"MALE"
"602",3.42857142857143,43,0,"MALE"
"603",1.28571428571429,59,4,"MALE"
"604",2.71428571428571,42,1,"FEMALE"
"605",1.85714285714286,50,1,"FEMALE"
"606",4.14285714285714,27,0,"MALE"
"607",8.14285714285714,26,2,"MALE"
"608",8.14285714285714,24,4,"MALE"
"609",1.57142857142857,42,3,"MALE"
"610",3.42857142857143,56,1,"FEMALE"
"611",4.85714285714286,40,4,"FEMALE"
"612",1.71428571428571,30,2,"FEMALE"
"613",1.57142857142857,26,0,"MALE"
"614",6.28571428571429,31,3,"MALE"
"615",2.85714285714286,21,1,"MALE"
"616",2.28571428571429,53,0,"MALE"
"617",5.42857142857143,53,4,"MALE"
"618",4.85714285714286,33,0,"MALE"
"619",2.57142857142857,42,1,"FEMALE"
"620",8.85714285714286,48,4,"MALE"
"621",1.85714285714286,31,0,"MALE"
"622",8.14285714285714,38,4,"MALE"
"623",1.42857142857143,24,0,"MALE"
"624",4.28571428571429,37,4,"MALE"
"625",2.14285714285714,41,4,"MALE"
"626",0.714285714285714,25,2,"MALE"
"627",7.71428571428571,39,3,"MALE"
"628",7.71428571428571,25,0,"MALE"
"629",8.42857142857143,30,0,"MALE"
"630",5.57142857142857,19,0,"MALE"
"631",7,48,3,"MALE"
"632",8.28571428571429,33,1,"MALE"
"633",2.28571428571429,55,4,"MALE"
"634",2.14285714285714,47,0,"MALE"
"635",7.14285714285714,23,1,"MALE"
"636",4,21,0,"MALE"
"637",4.57142857142857,23,0,"MALE"
"638",8.57142857142857,31,2,"MALE"
"639",1.71428571428571,75,0,"MALE"
"640",8.28571428571429,19,0,"MALE"
"641",2.28571428571429,22,1,"FEMALE"
"642",7.28571428571429,48,2,"FEMALE"
"643",9.14285714285714,23,3,"MALE"
"644",8.85714285714286,50,3,"MALE"
"645",5.14285714285714,24,4,"MALE"
"646",1.85714285714286,74,2,"FEMALE"
"647",2,45,2,"MALE"
"648",2.71428571428571,23,0,"FEMALE"
"649",2.42857142857143,28,1,"FEMALE"
"650",3.57142857142857,21,0,"MALE"
"651",1.85714285714286,18,2,"FEMALE"
"652",8.14285714285714,28,1,"MALE"
"653",3.42857142857143,25,0,"MALE"
"654",8.71428571428571,20,1,"MALE"
"655",5.71428571428571,74,1,"MALE"
"656",1.85714285714286,67,0,"MALE"
"657",6.57142857142857,32,2,"MALE"
"658",5,32,3,"FEMALE"
"659",3.14285714285714,67,3,"MALE"
"660",3.85714285714286,26,1,"MALE"
"661",2.14285714285714,30,0,"MALE"
"662",4.28571428571429,45,1,"MALE"
"663",1.57142857142857,33,0,"FEMALE"
"664",1.71428571428571,44,1,"FEMALE"
"665",1.28571428571429,30,0,"MALE"
"666",1.85714285714286,21,0,"FEMALE"
"667",4,37,1,"MALE"
"668",4,23,0,"MALE"
"669",5.14285714285714,63,0,"MALE"
"670",1.57142857142857,71,1,"MALE"
"671",6.28571428571429,40,0,"MALE"
"672",3.28571428571429,73,0,"MALE"
"673",2.71428571428571,22,2,"MALE"
"674",1,32,1,"FEMALE"
"675",2.28571428571429,57,4,"MALE"
"676",2.14285714285714,43,0,"FEMALE"
"677",6.85714285714286,18,0,"MALE"
"678",2.71428571428571,23,0,"MALE"
"679",6,23,0,"MALE"
"680",3.28571428571429,45,4,"FEMALE"
"681",3.71428571428571,53,4,"MALE"
"682",1.85714285714286,22,0,"MALE"
"683",8.28571428571429,35,4,"MALE"
"684",1.57142857142857,21,0,"FEMALE"
"685",1.57142857142857,42,4,"MALE"
"686",4.42857142857143,29,0,"MALE"
"687",2.28571428571429,55,1,"MALE"
"688",0.857142857142857,26,3,"FEMALE"
"689",0.571428571428571,35,3,"MALE"
"690",2.42857142857143,24,0,"MALE"
"691",4.71428571428571,22,4,"MALE"
"692",6.85714285714286,41,0,"MALE"
"693",4.71428571428571,23,0,"FEMALE"
"694",5.42857142857143,21,0,"MALE"
"695",4.14285714285714,37,3,"MALE"
"696",3.28571428571429,69,2,"MALE"
"697",2.14285714285714,49,0,"FEMALE"
"698",2.42857142857143,48,1,"FEMALE"
"699",3,36,4,"FEMALE"
"700",5.42857142857143,52,4,"MALE"
"701",1.57142857142857,48,3,"FEMALE"
"702",7.85714285714286,31,3,"MALE"
"703",1.71428571428571,18,0,"MALE"
"704",7.71428571428571,25,0,"MALE"
"705",4.85714285714286,51,1,"MALE"
"706",6.28571428571429,31,0,"MALE"
"707",8.28571428571429,30,3,"MALE"
"708",1.42857142857143,31,3,"FEMALE"
"709",7,31,3,"MALE"
"710",1.71428571428571,22,0,"MALE"
"711",6.57142857142857,20,0,"MALE"
"712",5,21,0,"MALE"
"713",5.28571428571429,25,0,"FEMALE"
"714",3.71428571428571,24,0,"MALE"
"715",4.71428571428571,42,4,"FEMALE"
"716",4,18,0,"MALE"
"717",6.57142857142857,19,0,"MALE"
"718",2,33,1,"FEMALE"
"719",1.14285714285714,73,0,"MALE"
"720",1.71428571428571,31,4,"MALE"
"721",8.42857142857143,19,0,"MALE"
"722",5.42857142857143,28,0,"MALE"
"723",7.71428571428571,20,0,"MALE"
"724",6.85714285714286,40,1,"MALE"
"725",3.85714285714286,35,3,"MALE"
"726",2.14285714285714,49,4,"FEMALE"
"727",3.57142857142857,18,0,"MALE"
"728",8.57142857142857,30,2,"MALE"
"729",3.57142857142857,51,3,"MALE"
"730",0,44,4,"MALE"
"731",2.57142857142857,52,2,"MALE"
"732",1.57142857142857,39,0,"FEMALE"
"733",6.57142857142857,25,0,"MALE"
"734",2,40,0,"FEMALE"
"735",9.28571428571429,24,0,"MALE"
"736",4.28571428571429,32,0,"MALE"
"737",2,25,0,"MALE"
"738",8,30,3,"MALE"
"739",6.14285714285714,67,0,"MALE"
"740",6.71428571428571,38,3,"MALE"
"741",7.42857142857143,20,4,"MALE"
"742",3.28571428571429,36,2,"MALE"
"743",4.14285714285714,38,2,"MALE"
"744",3.42857142857143,22,0,"MALE"
"745",9,29,0,"MALE"
"746",7.57142857142857,20,3,"MALE"
"747",3.71428571428571,51,1,"MALE"
"748",6.14285714285714,18,0,"MALE"
"749",3.14285714285714,36,2,"FEMALE"
"750",6.57142857142857,31,2,"MALE"
"751",6.14285714285714,29,3,"FEMALE"
"752",8.57142857142857,22,3,"MALE"
"753",5,20,0,"FEMALE"
"754",1.71428571428571,19,0,"FEMALE"
"755",2.71428571428571,30,4,"MALE"
"756",1.71428571428571,25,0,"FEMALE"
"757",6.14285714285714,31,0,"MALE"
"758",4.14285714285714,71,0,"MALE"
"759",2.14285714285714,30,3,"MALE"
"760",1.57142857142857,20,4,"FEMALE"
"761",3.28571428571429,33,1,"FEMALE"
"762",2.14285714285714,38,1,"FEMALE"
"763",2.71428571428571,45,0,"MALE"
"764",2.14285714285714,69,1,"MALE"
"765",1.85714285714286,25,0,"FEMALE"
"766",9.42857142857143,22,3,"MALE"
"767",4.28571428571429,21,0,"FEMALE"
"768",3.28571428571429,63,0,"MALE"
"769",9.57142857142857,27,2,"MALE"
"770",6.28571428571429,27,0,"MALE"
"771",8.57142857142857,49,2,"MALE"
"772",4.85714285714286,31,1,"MALE"
"773",8.42857142857143,43,3,"MALE"
"774",1,19,0,"MALE"
"775",7.85714285714286,22,0,"MALE"
"776",5.28571428571429,54,1,"MALE"
"777",8.71428571428571,28,2,"MALE"
"778",8.14285714285714,21,0,"MALE"
"779",1.14285714285714,74,0,"MALE"
"780",3.71428571428571,35,0,"MALE"
"781",5.85714285714286,65,3,"MALE"
"782",4.14285714285714,50,1,"MALE"
"783",1.14285714285714,43,2,"FEMALE"
"784",7.42857142857143,26,0,"MALE"
"785",9.14285714285714,21,2,"MALE"
"786",1.28571428571429,25,0,"FEMALE"
"787",3,27,0,"MALE"
"788",2.42857142857143,50,4,"FEMALE"
"789",2.42857142857143,44,3,"FEMALE"
"790",8.14285714285714,27,0,"MALE"
"791",7,31,0,"MALE"
"792",1.71428571428571,21,0,"FEMALE"
"793",5.14285714285714,22,3,"MALE"
"794",6.71428571428571,61,2,"MALE"
"795",3.28571428571429,20,0,"MALE"
"796",2.28571428571429,23,0,"MALE"
"797",2.57142857142857,51,0,"MALE"
"798",4,58,2,"MALE"
"799",6.57142857142857,40,3,"MALE"
"800",6.28571428571429,28,0,"MALE"
"801",1.14285714285714,26,1,"FEMALE"
"802",6.14285714285714,70,0,"MALE"
"803",6,23,0,"MALE"
"804",4.14285714285714,65,4,"MALE"
"805",9.71428571428571,30,3,"MALE"
"806",8.14285714285714,20,0,"MALE"
"807",6.57142857142857,46,1,"MALE"
"808",5,41,4,"MALE"
"809",3.42857142857143,51,2,"MALE"
"810",9,39,2,"MALE"
"811",6,44,3,"MALE"
"812",4.42857142857143,49,0,"MALE"
"813",7.85714285714286,22,0,"MALE"
"814",5.85714285714286,63,4,"MALE"
"815",4.85714285714286,69,0,"MALE"
"816",6.57142857142857,23,0,"MALE"
"817",8.71428571428571,28,2,"MALE"
"818",6.28571428571429,65,1,"MALE"
"819",3.71428571428571,58,1,"MALE"
"820",8.57142857142857,30,0,"MALE"
"821",1.71428571428571,50,1,"FEMALE"
"822",7.42857142857143,32,1,"MALE"
"823",8,31,1,"MALE"
"824",7.14285714285714,36,1,"FEMALE"
"825",1.42857142857143,59,0,"MALE"
"826",2.71428571428571,34,3,"MALE"
"827",1.85714285714286,37,3,"FEMALE"
"828",6.71428571428571,19,0,"MALE"
"829",8.28571428571429,25,0,"MALE"
"830",3.14285714285714,51,3,"FEMALE"
"831",8.57142857142857,30,2,"MALE"
"832",6.28571428571429,31,3,"MALE"
"833",5.57142857142857,38,0,"FEMALE"
"834",2.57142857142857,41,4,"MALE"
"835",6.28571428571429,47,0,"MALE"
"836",3.71428571428571,43,1,"FEMALE"
"837",2.28571428571429,22,0,"FEMALE"
"838",5.28571428571429,67,3,"MALE"
"839",7.28571428571429,46,0,"MALE"
"840",8.42857142857143,40,1,"MALE"
"841",6.71428571428571,24,0,"MALE"
"842",2,31,0,"FEMALE"
"843",7.57142857142857,18,0,"MALE"
"844",1.57142857142857,37,4,"MALE"
"845",5.28571428571429,23,0,"MALE"
"846",7.57142857142857,20,0,"MALE"
"847",4.85714285714286,62,4,"MALE"
"848",4.14285714285714,20,0,"MALE"
"849",4.57142857142857,31,3,"MALE"
"850",4.42857142857143,75,0,"MALE"
"851",8.14285714285714,28,0,"MALE"
"852",1.14285714285714,43,0,"FEMALE"
"853",8.14285714285714,43,4,"MALE"
"854",6.71428571428571,52,3,"MALE"
"855",1.85714285714286,20,0,"MALE"
"856",1.42857142857143,35,0,"MALE"
"857",2.28571428571429,60,1,"MALE"
"858",4.57142857142857,30,3,"MALE"
"859",4.28571428571429,51,0,"FEMALE"
"860",4.28571428571429,49,3,"MALE"
"861",5.28571428571429,51,1,"MALE"
"862",1.85714285714286,18,0,"FEMALE"
"863",6.71428571428571,36,4,"MALE"
"864",6.85714285714286,18,1,"MALE"
"865",6.85714285714286,45,3,"FEMALE"
"866",1,25,2,"FEMALE"
"867",3.85714285714286,29,0,"MALE"
"868",8.57142857142857,47,4,"MALE"
"869",3.28571428571429,20,0,"FEMALE"
"870",5.28571428571429,65,4,"MALE"
"871",3,43,2,"FEMALE"
"872",8,24,0,"MALE"
"873",2.14285714285714,26,0,"MALE"
"874",8.42857142857143,39,4,"MALE"
"875",5.14285714285714,34,4,"FEMALE"
"876",6.42857142857143,31,2,"MALE"
"877",0,24,3,"MALE"
"878",1.71428571428571,19,0,"MALE"
"879",8.85714285714286,24,1,"MALE"
"880",6.14285714285714,28,0,"MALE"
"881",3.14285714285714,37,4,"MALE"
"882",7.71428571428571,48,2,"FEMALE"
"883",9.14285714285714,30,1,"MALE"
"884",1.42857142857143,19,0,"MALE"
"885",9.42857142857143,22,3,"MALE"
"886",7.57142857142857,20,0,"MALE"
"887",2.85714285714286,58,0,"MALE"
"888",5.42857142857143,75,1,"MALE"
"889",6,35,4,"MALE"
"890",5.42857142857143,20,0,"FEMALE"
"891",7.57142857142857,23,4,"MALE"
"892",2,72,2,"FEMALE"
"893",2.14285714285714,51,3,"FEMALE"
"894",1.85714285714286,30,0,"MALE"
"895",3.42857142857143,18,0,"MALE"
"896",7.85714285714286,25,0,"MALE"
"897",9,20,0,"MALE"
"898",8.28571428571429,18,0,"MALE"
"899",1.42857142857143,53,4,"MALE"
"900",8,50,0,"MALE"
"901",1.57142857142857,47,1,"FEMALE"
"902",2.14285714285714,35,3,"FEMALE"
"903",7.57142857142857,31,2,"MALE"
"904",7.28571428571429,24,0,"MALE"
"905",8.14285714285714,31,4,"MALE"
"906",1.57142857142857,55,1,"MALE"
"907",5,56,0,"MALE"
"908",2.28571428571429,25,0,"FEMALE"
"909",5.57142857142857,32,2,"MALE"
"910",3.28571428571429,45,2,"MALE"
"911",8.42857142857143,38,1,"MALE"
"912",2.85714285714286,30,0,"MALE"
"913",4.14285714285714,71,2,"MALE"
"914",1.28571428571429,27,0,"FEMALE"
"915",1.42857142857143,55,4,"FEMALE"
"916",1.57142857142857,18,0,"FEMALE"
"917",1.14285714285714,32,4,"MALE"
"918",3.57142857142857,22,0,"MALE"
"919",2.14285714285714,27,0,"FEMALE"
"920",2.14285714285714,75,1,"MALE"
"921",1.14285714285714,18,0,"FEMALE"
"922",8.85714285714286,44,4,"MALE"
"923",1.57142857142857,59,3,"MALE"
"924",6.57142857142857,33,4,"MALE"
"925",8.28571428571429,25,0,"MALE"
"926",5.85714285714286,18,0,"MALE"
"927",2.57142857142857,22,2,"MALE"
"928",8.42857142857143,49,2,"MALE"
"929",4.42857142857143,65,1,"MALE"
"930",3.85714285714286,75,0,"MALE"
"931",1.42857142857143,25,0,"FEMALE"
"932",1.14285714285714,21,0,"MALE"
"933",7.28571428571429,24,0,"FEMALE"
"934",2.14285714285714,38,3,"MALE"
"935",1.71428571428571,56,1,"MALE"
"936",2.42857142857143,36,4,"FEMALE"
"937",5,25,0,"MALE"
"938",3.85714285714286,56,0,"MALE"
"939",2.42857142857143,20,0,"MALE"
"940",4.71428571428571,75,0,"MALE"
"941",7.57142857142857,28,0,"MALE"
"942",2.85714285714286,51,1,"MALE"
"943",1.14285714285714,18,0,"FEMALE"
"944",4.14285714285714,40,4,"FEMALE"
"945",4.14285714285714,24,3,"MALE"
"946",1.14285714285714,29,0,"MALE"
"947",7.57142857142857,32,1,"MALE"
"948",4.42857142857143,43,3,"MALE"
"949",9.14285714285714,28,0,"MALE"
"950",7.28571428571429,27,0,"MALE"
"951",2.14285714285714,21,0,"MALE"
"952",5.14285714285714,31,3,"MALE"
"953",7,42,3,"MALE"
"954",3.28571428571429,19,0,"MALE"
"955",1.71428571428571,49,1,"FEMALE"
"956",6,65,3,"MALE"
"957",6.57142857142857,46,3,"MALE"
"958",6.85714285714286,29,0,"MALE"
"959",3.14285714285714,31,2,"MALE"
"960",7.57142857142857,20,0,"MALE"
"961",3.85714285714286,28,4,"FEMALE"
"962",5,74,0,"MALE"
"963",4.28571428571429,46,2,"FEMALE"
"964",2.28571428571429,26,1,"FEMALE"
"965",3.71428571428571,51,4,"MALE"
"966",5,28,3,"MALE"
"967",5.42857142857143,38,4,"MALE"
"968",2.42857142857143,30,4,"MALE"
"969",9,29,0,"MALE"
"970",2.14285714285714,49,0,"MALE"
"971",6.85714285714286,18,3,"MALE"
"972",4,23,0,"MALE"
"973",1.85714285714286,39,3,"MALE"
"974",1.42857142857143,50,0,"MALE"
"975",3.28571428571429,31,1,"MALE"
"976",3,57,2,"MALE"
"977",8.57142857142857,23,0,"MALE"
"978",5.42857142857143,36,1,"MALE"
"979",5.71428571428571,45,3,"MALE"
"980",4,69,2,"MALE"
"981",1.42857142857143,68,2,"FEMALE"
"982",3.57142857142857,18,0,"MALE"
"983",9.14285714285714,30,4,"MALE"
"984",5.85714285714286,39,0,"MALE"
"985",1.14285714285714,22,0,"MALE"
"986",5.14285714285714,27,3,"MALE"
"987",7.42857142857143,19,2,"MALE"
"988",5.14285714285714,50,4,"FEMALE"
"989",2,47,4,"MALE"
"990",5.14285714285714,23,0,"FEMALE"
"991",1.85714285714286,31,3,"FEMALE"
"992",1.85714285714286,44,2,"FEMALE"
"993",3.14285714285714,45,0,"FEMALE"
"994",6.42857142857143,64,4,"MALE"
"995",2.42857142857143,59,1,"MALE"
"996",1.71428571428571,36,0,"MALE"
"997",4.28571428571429,42,2,"MALE"
"998",4.85714285714286,39,4,"MALE"
"999",8,50,4,"MALE"
"1000",4,45,0,"FEMALE"
"1001",0.857142857142857,37,2,"MALE"
"1002",2,49,0,"FEMALE"
"1003",1.85714285714286,31,2,"MALE"
"1004",4.85714285714286,28,4,"MALE"
"1005",2.57142857142857,26,0,"FEMALE"
"1006",2.28571428571429,66,0,"MALE"
"1007",1.85714285714286,28,0,"MALE"
"1008",5.14285714285714,23,4,"MALE"
"1009",1.71428571428571,40,0,"FEMALE"
"1010",7.28571428571429,44,4,"FEMALE"
"1011",5.57142857142857,42,0,"MALE"
"1012",3.85714285714286,24,0,"MALE"
"1013",5.71428571428571,24,3,"MALE"
"1014",1.85714285714286,26,0,"MALE"
"1015",1.57142857142857,49,0,"MALE"
"1016",1.28571428571429,71,2,"FEMALE"
"1017",8.14285714285714,39,4,"MALE"
"1018",9,27,1,"MALE"
"1019",7,44,1,"MALE"
"1020",4,23,0,"MALE"
"1021",4.28571428571429,50,0,"MALE"
"1022",7.42857142857143,41,0,"MALE"
"1023",3.71428571428571,19,1,"MALE"
"1024",7.14285714285714,32,2,"MALE"
"1025",2.71428571428571,38,4,"FEMALE"
"1026",4.28571428571429,30,4,"MALE"
"1027",6.71428571428571,41,0,"MALE"
"1028",2.85714285714286,23,0,"FEMALE"
"1029",2.57142857142857,26,2,"FEMALE"
"1030",2.14285714285714,47,2,"MALE"
"1031",4.85714285714286,43,3,"MALE"
"1032",1.28571428571429,32,0,"MALE"
"1033",5,31,4,"FEMALE"
"1034",4,31,4,"MALE"
"1035",6,25,0,"MALE"
"1036",8,26,1,"MALE"
"1037",4.85714285714286,51,4,"MALE"
"1038",2.42857142857143,29,3,"FEMALE"
"1039",1.85714285714286,27,0,"MALE"
"1040",2,23,0,"MALE"
"1041",1.57142857142857,32,2,"MALE"
"1042",7.71428571428571,47,1,"MALE"
"1043",5,73,1,"MALE"
"1044",7,31,0,"MALE"
"1045",2.71428571428571,37,3,"FEMALE"
"1046",5.42857142857143,23,0,"MALE"
"1047",3.57142857142857,47,2,"MALE"
"1048",3,18,0,"MALE"
"1049",7,44,4,"FEMALE"
"1050",6,18,0,"MALE"
"1051",2.28571428571429,42,0,"FEMALE"
"1052",7,23,0,"MALE"
"1053",7.71428571428571,22,1,"MALE"
"1054",7.85714285714286,25,0,"MALE"
"1055",4.85714285714286,37,1,"FEMALE"
"1056",5.85714285714286,64,2,"MALE"
"1057",2.85714285714286,42,4,"MALE"
"1058",1.85714285714286,27,0,"FEMALE"
"1059",6.14285714285714,57,1,"MALE"
"1060",3.42857142857143,28,0,"MALE"
"1061",3.42857142857143,27,1,"MALE"
"1062",7.14285714285714,24,0,"MALE"
"1063",1.57142857142857,49,0,"MALE"
"1064",6.42857142857143,18,0,"MALE"
"1065",1.42857142857143,34,0,"FEMALE"
"1066",4.28571428571429,18,0,"MALE"
"1067",5.42857142857143,51,1,"MALE"
"1068",3.57142857142857,42,3,"MALE"
"1069",9.71428571428571,24,4,"MALE"
"1070",7.14285714285714,38,1,"MALE"
"1071",3.42857142857143,31,2,"MALE"
"1072",3.71428571428571,45,1,"MALE"
"1073",1.28571428571429,23,0,"MALE"
"1074",8.14285714285714,48,1,"MALE"
"1075",2.57142857142857,27,0,"FEMALE"
"1076",7.28571428571429,36,0,"MALE"
"1077",8.28571428571429,31,4,"MALE"
"1078",1.14285714285714,50,0,"MALE"
"1079",1.14285714285714,62,3,"MALE"
"1080",1.42857142857143,25,4,"FEMALE"
"1081",5.57142857142857,51,0,"MALE"
"1082",3,40,4,"MALE"
"1083",4.28571428571429,31,2,"MALE"
"1084",2.42857142857143,26,2,"FEMALE"
"1085",1.57142857142857,59,4,"MALE"
"1086",1.85714285714286,50,4,"FEMALE"
"1087",5.28571428571429,31,1,"MALE"
"1088",4.42857142857143,69,1,"MALE"
"1089",1.42857142857143,65,2,"FEMALE"
"1090",8.57142857142857,34,3,"MALE"
"1091",6.42857142857143,30,1,"MALE"
"1092",4.28571428571429,27,1,"MALE"
"1093",6.85714285714286,36,0,"MALE"
"1094",1.85714285714286,33,2,"FEMALE"
"1095",7.42857142857143,22,0,"MALE"
"1096",1,61,3,"MALE"
"1097",6,41,0,"MALE"
"1098",3.85714285714286,25,0,"MALE"
"1099",1.14285714285714,29,0,"MALE"
"1100",6,41,0,"MALE"
"1101",7,40,0,"MALE"
"1102",4.71428571428571,21,0,"MALE"
"1103",3.71428571428571,41,1,"MALE"
"1104",1.28571428571429,26,0,"FEMALE"
"1105",7,22,0,"MALE"
"1106",8.14285714285714,25,0,"MALE"
"1107",5.42857142857143,35,4,"MALE"
"1108",1.42857142857143,42,0,"FEMALE"
"1109",7,20,0,"MALE"
"1110",1.28571428571429,42,0,"MALE"
"1111",1.14285714285714,25,0,"FEMALE"
"1112",9,26,0,"MALE"
"1113",6.14285714285714,33,1,"MALE"
"1114",2.14285714285714,23,0,"MALE"
"1115",8.28571428571429,41,3,"MALE"
"1116",9.28571428571429,26,4,"MALE"
"1117",6.14285714285714,18,0,"MALE"
"1118",1.57142857142857,26,3,"FEMALE"
"1119",2.28571428571429,34,4,"FEMALE"
"1120",6.28571428571429,41,0,"MALE"
"1121",9.14285714285714,28,4,"MALE"
"1122",1,28,0,"FEMALE"
"1123",6.71428571428571,24,0,"MALE"
"1124",7.85714285714286,29,1,"MALE"
"1125",5.57142857142857,51,2,"MALE"
"1126",5.42857142857143,24,4,"MALE"
"1127",7.71428571428571,50,1,"MALE"
"1128",4.85714285714286,28,0,"MALE"
"1129",2.85714285714286,27,3,"MALE"
"1130",4.57142857142857,72,3,"MALE"
"1131",3.28571428571429,46,3,"MALE"
"1132",1.57142857142857,36,3,"MALE"
"1133",4.42857142857143,28,3,"MALE"
"1134",0,63,1,"MALE"
"1135",9.28571428571429,29,4,"MALE"
"1136",2.57142857142857,62,0,"MALE"
"1137",2.57142857142857,32,0,"MALE"
"1138",6.14285714285714,31,0,"MALE"
"1139",1.85714285714286,64,2,"MALE"
"1140",2.57142857142857,19,3,"MALE"
"1141",7.71428571428571,24,4,"MALE"
"1142",1.14285714285714,33,3,"FEMALE"
"1143",7.14285714285714,24,0,"MALE"
"1144",6.57142857142857,32,0,"FEMALE"
"1145",7.14285714285714,50,1,"MALE"
"1146",2.28571428571429,45,1,"FEMALE"
"1147",4.71428571428571,27,0,"MALE"
"1148",5.14285714285714,29,4,"MALE"
"1149",7.42857142857143,18,0,"FEMALE"
"1150",9.14285714285714,18,0,"MALE"
"1151",2.71428571428571,42,4,"MALE"
"1152",6.71428571428571,46,1,"MALE"
"1153",3.14285714285714,40,4,"MALE"
"1154",3.14285714285714,27,0,"FEMALE"
"1155",7.57142857142857,20,0,"MALE"
"1156",3.42857142857143,29,0,"MALE"
"1157",9.14285714285714,22,2,"MALE"
"1158",7.14285714285714,36,3,"FEMALE"
"1159",6.14285714285714,62,3,"MALE"
"1160",3.57142857142857,31,0,"MALE"
"1161",8.57142857142857,25,0,"MALE"
"1162",4.42857142857143,38,0,"MALE"
"1163",7.57142857142857,42,4,"MALE"
"1164",1.71428571428571,41,3,"FEMALE"
"1165",2.57142857142857,30,4,"FEMALE"
"1166",5.42857142857143,24,1,"MALE"
"1167",5.28571428571429,50,4,"MALE"
"1168",2.28571428571429,43,3,"MALE"
"1169",6.71428571428571,37,4,"MALE"
"1170",5.14285714285714,33,0,"MALE"
"1171",7.42857142857143,28,4,"MALE"
"1172",2.14285714285714,40,1,"FEMALE"
"1173",9.28571428571429,21,2,"MALE"
"1174",5.85714285714286,20,0,"MALE"
"1175",5,25,0,"FEMALE"
"1176",6.14285714285714,63,2,"MALE"
"1177",5.28571428571429,27,0,"MALE"
"1178",4.28571428571429,41,4,"MALE"
"1179",1.57142857142857,41,4,"MALE"
"1180",3.28571428571429,53,2,"MALE"
"1181",3.14285714285714,26,0,"MALE"
"1182",7.71428571428571,30,0,"MALE"
"1183",7.57142857142857,26,1,"MALE"
"1184",3.14285714285714,18,0,"MALE"
"1185",3.85714285714286,49,3,"FEMALE"
"1186",4.42857142857143,73,1,"MALE"
"1187",7.85714285714286,31,3,"MALE"
"1188",2.28571428571429,30,4,"MALE"
"1189",5.57142857142857,33,0,"FEMALE"
"1190",9.85714285714286,19,2,"MALE"
"1191",4,19,0,"FEMALE"
"1192",6.85714285714286,22,0,"FEMALE"
"1193",1.57142857142857,32,1,"FEMALE"
"1194",2.85714285714286,22,0,"FEMALE"
"1195",1.57142857142857,26,0,"FEMALE"
"1196",5,19,0,"MALE"
"1197",4,28,3,"MALE"
"1198",2,43,3,"FEMALE"
"1199",3.42857142857143,50,1,"MALE"
"1200",1.85714285714286,59,2,"MALE"
"1201",1.71428571428571,26,0,"FEMALE"
"1202",1,20,0,"FEMALE"
"1203",4,22,4,"MALE"
"1204",9.42857142857143,30,2,"MALE"
"1205",2.71428571428571,20,0,"MALE"
"1206",8.14285714285714,23,0,"MALE"
"1207",5.14285714285714,69,0,"MALE"
"1208",2,18,0,"FEMALE"
"1209",7.85714285714286,37,4,"MALE"
"1210",2.28571428571429,29,0,"MALE"
"1211",8.14285714285714,42,4,"FEMALE"
"1212",5.57142857142857,58,2,"MALE"
"1213",4,29,0,"FEMALE"
"1214",4.71428571428571,34,2,"MALE"
"1215",3.14285714285714,52,0,"MALE"
"1216",7.42857142857143,41,3,"MALE"
"1217",5.85714285714286,51,1,"MALE"
"1218",2.14285714285714,18,1,"MALE"
"1219",7.85714285714286,33,1,"MALE"
"1220",2.28571428571429,21,0,"MALE"
"1221",1.14285714285714,41,0,"FEMALE"
"1222",7.85714285714286,20,0,"MALE"
"1223",7.14285714285714,20,0,"MALE"
"1224",4.28571428571429,33,2,"MALE"
"1225",1.42857142857143,47,1,"FEMALE"
"1226",2.42857142857143,46,4,"FEMALE"
"1227",2.57142857142857,57,2,"MALE"
"1228",5.57142857142857,31,0,"MALE"
"1229",5,70,1,"FEMALE"
"1230",2.28571428571429,21,0,"FEMALE"
"1231",4.57142857142857,35,2,"FEMALE"
"1232",7.71428571428571,50,4,"MALE"
"1233",1.71428571428571,51,3,"FEMALE"
"1234",1.28571428571429,32,4,"FEMALE"
"1235",2.42857142857143,29,0,"MALE"
"1236",6.42857142857143,27,0,"MALE"
"1237",1.71428571428571,19,0,"MALE"
"1238",1.42857142857143,68,2,"MALE"
"1239",2,26,0,"FEMALE"
"1240",4.85714285714286,45,1,"MALE"
"1241",2.42857142857143,22,0,"FEMALE"
"1242",4.14285714285714,22,0,"MALE"
"1243",7.57142857142857,44,1,"MALE"
"1244",4.14285714285714,38,1,"FEMALE"
"1245",2.28571428571429,26,0,"MALE"
"1246",4.42857142857143,40,0,"MALE"
"1247",7.42857142857143,30,0,"MALE"
"1248",2,26,3,"FEMALE"
"1249",6.42857142857143,47,0,"MALE"
"1250",9,20,1,"MALE"
"1251",8.42857142857143,26,0,"MALE"
"1252",3.28571428571429,61,1,"MALE"
"1253",7,26,0,"MALE"
"1254",4,38,3,"FEMALE"
"1255",9.14285714285714,21,1,"MALE"
"1256",8,29,0,"MALE"
"1257",1.85714285714286,39,4,"MALE"
"1258",2.42857142857143,43,1,"MALE"
"1259",7.57142857142857,24,4,"MALE"
"1260",3.14285714285714,33,2,"MALE"
"1261",2.28571428571429,31,1,"FEMALE"
"1262",6.42857142857143,53,3,"MALE"
"1263",6.57142857142857,59,3,"MALE"
"1264",4.57142857142857,58,3,"MALE"
"1265",1.28571428571429,29,0,"MALE"
"1266",3,24,0,"FEMALE"
"1267",2.14285714285714,18,0,"MALE"
"1268",9,25,0,"MALE"
"1269",2.14285714285714,24,0,"MALE"
"1270",2.85714285714286,18,4,"MALE"
"1271",2.14285714285714,47,0,"MALE"
"1272",3.71428571428571,20,0,"MALE"
"1273",6.42857142857143,20,0,"FEMALE"
"1274",6.42857142857143,58,2,"MALE"
"1275",4.57142857142857,40,0,"FEMALE"
"1276",2.14285714285714,49,4,"FEMALE"
"1277",7.42857142857143,27,0,"MALE"
"1278",2,36,1,"FEMALE"
"1279",7.71428571428571,47,1,"MALE"
"1280",1.42857142857143,48,4,"FEMALE"
"1281",2.42857142857143,44,3,"MALE"
"1282",1.57142857142857,31,0,"MALE"
"1283",4.57142857142857,67,2,"MALE"
"1284",5.28571428571429,64,0,"MALE"
"1285",3.85714285714286,28,1,"MALE"
"1286",5.14285714285714,61,4,"MALE"
"1287",4.57142857142857,36,4,"MALE"
"1288",7.14285714285714,50,0,"MALE"
"1289",7.14285714285714,28,1,"MALE"
"1290",0.857142857142857,34,0,"MALE"
"1291",4,30,0,"MALE"
"1292",1.42857142857143,19,0,"FEMALE"
"1293",2.71428571428571,22,0,"FEMALE"
"1294",3.28571428571429,22,2,"MALE"
"1295",2.57142857142857,20,1,"MALE"
"1296",1.57142857142857,24,0,"MALE"
"1297",3.57142857142857,71,2,"MALE"
"1298",4.28571428571429,50,0,"MALE"
"1299",3.14285714285714,29,0,"MALE"
"1300",4.28571428571429,48,0,"MALE"
"1301",3.57142857142857,68,0,"MALE"
"1302",1.14285714285714,50,1,"MALE"
"1303",2.28571428571429,18,0,"MALE"
"1304",7.85714285714286,46,0,"MALE"
"1305",2.28571428571429,19,0,"MALE"
"1306",7.57142857142857,43,4,"MALE"
"1307",3.85714285714286,35,2,"MALE"
"1308",7.85714285714286,30,4,"MALE"
"1309",3,28,0,"FEMALE"
"1310",9.14285714285714,21,2,"MALE"
"1311",1.71428571428571,52,1,"MALE"
"1312",1.28571428571429,39,0,"MALE"
"1313",7.71428571428571,28,0,"MALE"
"1314",1.85714285714286,25,0,"FEMALE"
"1315",5.42857142857143,64,4,"MALE"
"1316",7,21,0,"MALE"
"1317",2.71428571428571,42,2,"FEMALE"
"1318",2.57142857142857,46,0,"MALE"
"1319",5,49,2,"MALE"
"1320",2.71428571428571,32,2,"MALE"
"1321",5.42857142857143,32,4,"MALE"
"1322",4.14285714285714,47,4,"MALE"
"1323",2.14285714285714,23,0,"FEMALE"
"1324",3.42857142857143,54,2,"MALE"
"1325",0,19,3,"MALE"
"1326",5.14285714285714,25,0,"MALE"
"1327",4.71428571428571,18,0,"MALE"
"1328",4.71428571428571,39,0,"FEMALE"
"1329",8.42857142857143,20,1,"MALE"
"1330",4.57142857142857,65,2,"MALE"
"1331",4.57142857142857,30,4,"MALE"
"1332",1.85714285714286,37,2,"MALE"
"1333",1.85714285714286,26,1,"MALE"
"1334",5.14285714285714,30,2,"MALE"
"1335",9.42857142857143,27,3,"MALE"
"1336",7.57142857142857,22,0,"MALE"
"1337",2.71428571428571,42,0,"FEMALE"
"1338",5.85714285714286,39,4,"MALE"
"1339",2.14285714285714,18,0,"FEMALE"
"1340",7.85714285714286,28,0,"MALE"
"1341",1.14285714285714,20,0,"FEMALE"
"1342",3.42857142857143,42,3,"MALE"
"1343",6.57142857142857,39,0,"MALE"
"1344",2.14285714285714,29,0,"MALE"
"1345",1.42857142857143,28,0,"FEMALE"
"1346",5,75,1,"MALE"
"1347",4.57142857142857,19,0,"MALE"
"1348",2.14285714285714,30,0,"FEMALE"
"1349",4.28571428571429,27,0,"MALE"
"1350",8.71428571428571,26,4,"MALE"
"1351",5.57142857142857,23,1,"MALE"
"1352",6.57142857142857,51,1,"MALE"
"1353",6.85714285714286,65,1,"MALE"
"1354",4,74,4,"MALE"
"1355",6.28571428571429,56,4,"MALE"
"1356",5.57142857142857,19,0,"MALE"
"1357",1.85714285714286,38,0,"MALE"
"1358",4.71428571428571,23,0,"MALE"
"1359",1.42857142857143,37,1,"FEMALE"
"1360",5,24,2,"MALE"
"1361",1.57142857142857,68,4,"MALE"
"1362",7,47,4,"MALE"
"1363",2.42857142857143,35,3,"MALE"
"1364",2.28571428571429,49,4,"FEMALE"
"1365",4.28571428571429,30,2,"MALE"
"1366",5.42857142857143,30,0,"MALE"
"1367",2.28571428571429,56,0,"FEMALE"
"1368",5.85714285714286,22,4,"MALE"
"1369",4.14285714285714,47,1,"MALE"
"1370",2.42857142857143,38,3,"FEMALE"
"1371",3.57142857142857,37,3,"MALE"
"1372",5.42857142857143,29,0,"MALE"
"1373",3.85714285714286,36,3,"MALE"
"1374",4.28571428571429,45,0,"FEMALE"
"1375",5,23,1,"MALE"
"1376",1.57142857142857,20,0,"FEMALE"
"1377",1.57142857142857,21,0,"MALE"
"1378",3.42857142857143,51,1,"MALE"
"1379",4.42857142857143,47,2,"MALE"
"1380",2.28571428571429,41,3,"MALE"
"1381",3,31,1,"MALE"
"1382",1.14285714285714,66,3,"MALE"
"1383",5.28571428571429,26,2,"MALE"
"1384",7.71428571428571,30,4,"MALE"
"1385",5.85714285714286,31,3,"MALE"
"1386",6,22,0,"MALE"
"1387",3.14285714285714,23,0,"FEMALE"
"1388",6.28571428571429,51,0,"MALE"
"1389",4.71428571428571,29,2,"MALE"
"1390",1.57142857142857,43,2,"MALE"
"1391",3.85714285714286,45,4,"MALE"
"1392",2.57142857142857,36,0,"FEMALE"
"1393",5,20,0,"MALE"
"1394",2.14285714285714,32,4,"MALE"
"1395",4.71428571428571,65,3,"MALE"
"1396",7,34,0,"MALE"
"1397",0,62,2,"MALE"
"1398",10,25,1,"MALE"
"1399",7.57142857142857,31,4,"MALE"
"1400",2.14285714285714,45,0,"FEMALE"
"1401",2.14285714285714,22,0,"FEMALE"
"1402",1.85714285714286,41,0,"FEMALE"
"1403",6.14285714285714,37,0,"MALE"
"1404",1.71428571428571,63,1,"MALE"
"1405",5,44,2,"FEMALE"
"1406",3.57142857142857,72,3,"MALE"
"1407",4,23,0,"MALE"
"1408",4.42857142857143,24,0,"MALE"
"1409",5.14285714285714,56,3,"MALE"
"1410",7.57142857142857,48,3,"MALE"
"1411",7.14285714285714,25,1,"MALE"
"1412",7.85714285714286,41,1,"MALE"
"1413",6.71428571428571,31,1,"MALE"
"1414",1.57142857142857,45,4,"FEMALE"
"1415",3.14285714285714,69,2,"MALE"
"1416",2,41,2,"FEMALE"
"1417",8.28571428571429,31,2,"MALE"
"1418",3.71428571428571,44,4,"FEMALE"
"1419",1.85714285714286,46,3,"MALE"
"1420",1.14285714285714,49,0,"FEMALE"
"1421",1.85714285714286,29,0,"MALE"
"1422",1.85714285714286,48,1,"FEMALE"
"1423",5.28571428571429,26,0,"MALE"
"1424",6.57142857142857,59,1,"MALE"
"1425",8.85714285714286,30,3,"MALE"
"1426",5.28571428571429,23,0,"MALE"
"1427",5,65,4,"MALE"
"1428",9.14285714285714,28,1,"MALE"
"1429",6,61,3,"MALE"
"1430",4.71428571428571,22,0,"MALE"
"1431",7.71428571428571,19,4,"MALE"
"1432",9.71428571428571,20,3,"MALE"
"1433",1.28571428571429,34,4,"MALE"
"1434",1.71428571428571,49,0,"MALE"
"1435",8.85714285714286,29,2,"MALE"
"1436",6.28571428571429,25,0,"FEMALE"
"1437",7,20,0,"MALE"
"1438",6.85714285714286,36,0,"MALE"
"1439",7.14285714285714,45,3,"MALE"
"1440",2.28571428571429,30,2,"MALE"
"1441",8.85714285714286,19,0,"MALE"
"1442",4.42857142857143,20,0,"FEMALE"
"1443",2.14285714285714,29,2,"MALE"
"1444",7,67,4,"MALE"
"1445",1,38,0,"MALE"
"1446",1.85714285714286,44,2,"FEMALE"
"1447",5.71428571428571,71,2,"MALE"
"1448",3,27,3,"FEMALE"
"1449",5.85714285714286,54,1,"MALE"
"1450",5.71428571428571,31,1,"MALE"
"1451",4,51,2,"MALE"
"1452",2,73,1,"FEMALE"
"1453",3.42857142857143,72,2,"MALE"
"1454",2.42857142857143,27,2,"MALE"
"1455",2,31,4,"MALE"
"1456",4.28571428571429,51,0,"FEMALE"
"1457",5.71428571428571,71,3,"MALE"
"1458",6.85714285714286,25,0,"MALE"
"1459",5.28571428571429,72,0,"MALE"
"1460",6.85714285714286,33,2,"MALE"
"1461",3.57142857142857,36,3,"MALE"
"1462",6,33,1,"MALE"
"1463",8.14285714285714,30,0,"MALE"
"1464",7.85714285714286,46,4,"MALE"
"1465",4.28571428571429,22,1,"MALE"
"1466",6.71428571428571,21,0,"MALE"
"1467",2.42857142857143,31,1,"FEMALE"
"1468",2,34,1,"MALE"
"1469",1.28571428571429,37,2,"FEMALE"
"1470",2.42857142857143,24,0,"FEMALE"
"1471",2.57142857142857,29,0,"FEMALE"
"1472",1.71428571428571,28,0,"MALE"
"1473",6,28,0,"MALE"
"1474",2.28571428571429,26,1,"FEMALE"
"1475",2.28571428571429,34,1,"FEMALE"
"1476",1.42857142857143,46,0,"MALE"
"1477",9.14285714285714,27,4,"MALE"
"1478",1.71428571428571,53,0,"MALE"
"1479",2.71428571428571,24,0,"MALE"
"1480",8,25,0,"MALE"
"1481",1.85714285714286,43,4,"MALE"
"1482",5.42857142857143,64,0,"MALE"
"1483",7.42857142857143,18,0,"MALE"
"1484",7.42857142857143,31,0,"MALE"
"1485",2.57142857142857,69,2,"MALE"
"1486",4.71428571428571,64,4,"FEMALE"
"1487",6.71428571428571,41,4,"MALE"
"1488",6.85714285714286,22,1,"MALE"
"1489",3.85714285714286,20,0,"MALE"
"1490",8.57142857142857,19,0,"MALE"
"1491",7.71428571428571,24,0,"MALE"
"1492",4.85714285714286,55,4,"MALE"
"1493",3,28,4,"MALE"
"1494",8,30,2,"MALE"
"1495",6,36,0,"MALE"
"1496",2.71428571428571,45,4,"MALE"
"1497",8.28571428571429,43,1,"MALE"
"1498",5.28571428571429,24,2,"MALE"
"1499",1.85714285714286,49,2,"MALE"
"1500",4.85714285714286,18,1,"MALE"
"1501",1.28571428571429,24,0,"FEMALE"
"1502",3.42857142857143,21,0,"MALE"
"1503",8.71428571428571,34,3,"MALE"
"1504",9.14285714285714,25,0,"MALE"
"1505",8.42857142857143,29,2,"MALE"
"1506",2.57142857142857,46,2,"FEMALE"
"1507",4.42857142857143,43,3,"MALE"
"1508",7.28571428571429,44,1,"MALE"
"1509",6.28571428571429,36,4,"MALE"
"1510",1.85714285714286,39,1,"FEMALE"
"1511",3.42857142857143,42,2,"MALE"
"1512",1.57142857142857,22,0,"FEMALE"
"1513",5.14285714285714,20,2,"MALE"
"1514",1.85714285714286,45,0,"MALE"
"1515",8.42857142857143,29,0,"MALE"
"1516",1.85714285714286,60,3,"MALE"
"1517",2,36,2,"FEMALE"
"1518",5.57142857142857,53,0,"MALE"
"1519",2.71428571428571,22,0,"MALE"
"1520",2.57142857142857,23,0,"MALE"
"1521",5,30,4,"MALE"
"1522",1.42857142857143,21,0,"FEMALE"
"1523",1.85714285714286,46,0,"FEMALE"
"1524",3.28571428571429,59,0,"MALE"
"1525",4.85714285714286,54,3,"MALE"
"1526",5,20,0,"MALE"
"1527",6.28571428571429,36,0,"MALE"
"1528",1.28571428571429,21,0,"MALE"
"1529",9.42857142857143,25,0,"MALE"
"1530",7.71428571428571,28,0,"MALE"
"1531",6.71428571428571,35,4,"MALE"
"1532",1.71428571428571,56,2,"FEMALE"
"1533",1.85714285714286,26,4,"MALE"
"1534",8,48,1,"FEMALE"
"1535",3,21,0,"MALE"
"1536",1.71428571428571,21,0,"FEMALE"
"1537",1.85714285714286,49,0,"MALE"
"1538",1,38,0,"FEMALE"
"1539",1.42857142857143,26,0,"MALE"
"1540",6.42857142857143,69,2,"MALE"
"1541",7.42857142857143,44,4,"MALE"
"1542",4.42857142857143,22,0,"MALE"
"1543",5.85714285714286,67,3,"MALE"
"1544",3,50,2,"FEMALE"
"1545",8.28571428571429,19,0,"MALE"
"1546",2,28,0,"MALE"
"1547",1.42857142857143,62,0,"MALE"
"1548",1.85714285714286,46,3,"FEMALE"
"1549",1.85714285714286,45,1,"MALE"
"1550",3.85714285714286,21,4,"FEMALE"
"1551",5.14285714285714,29,0,"MALE"
"1552",2.57142857142857,36,1,"MALE"
"1553",2,44,1,"MALE"
"1554",7.71428571428571,28,2,"MALE"
"1555",0.714285714285714,20,0,"MALE"
"1556",3.14285714285714,68,4,"MALE"
"1557",6.85714285714286,35,0,"MALE"
"1558",2.42857142857143,31,3,"FEMALE"
"1559",3.14285714285714,20,1,"MALE"
"1560",7,36,0,"MALE"
"1561",2.85714285714286,61,1,"MALE"
"1562",2.42857142857143,19,3,"MALE"
"1563",2.42857142857143,39,0,"MALE"
"1564",2.28571428571429,18,1,"MALE"
"1565",0,67,1,"MALE"
"1566",3.42857142857143,26,0,"MALE"
"1567",6,46,2,"FEMALE"
"1568",8.71428571428571,23,0,"MALE"
"1569",6.85714285714286,30,0,"MALE"
"1570",8.71428571428571,29,0,"MALE"
"1571",1.71428571428571,31,1,"MALE"
"1572",3.71428571428571,26,0,"MALE"
"1573",8.14285714285714,28,0,"MALE"
"1574",9.57142857142857,30,4,"MALE"
"1575",4.14285714285714,51,3,"MALE"
"1576",4,29,0,"MALE"
"1577",2,34,4,"FEMALE"
"1578",4,30,1,"MALE"
"1579",4.85714285714286,31,1,"MALE"
"1580",1.14285714285714,25,0,"FEMALE"
"1581",5.71428571428571,22,0,"MALE"
"1582",1.28571428571429,56,0,"FEMALE"
"1583",4,59,4,"MALE"
"1584",4.28571428571429,67,4,"MALE"
"1585",3.71428571428571,33,1,"MALE"
"1586",2.28571428571429,24,0,"MALE"
"1587",2.57142857142857,29,4,"FEMALE"
"1588",0,32,0,"MALE"
"1589",3.71428571428571,26,0,"MALE"
"1590",4,53,4,"FEMALE"
"1591",1.28571428571429,27,0,"FEMALE"
"1592",4.71428571428571,26,0,"MALE"
"1593",2,20,0,"FEMALE"
"1594",4.71428571428571,19,0,"MALE"
"1595",8.57142857142857,26,0,"MALE"
"1596",5.14285714285714,50,0,"FEMALE"
"1597",3.14285714285714,27,4,"FEMALE"
"1598",1.28571428571429,36,0,"MALE"
"1599",1.42857142857143,36,1,"MALE"
"1600",4.57142857142857,60,4,"MALE"
"1601",0.714285714285714,25,0,"FEMALE"
"1602",8.85714285714286,22,4,"MALE"
"1603",7.85714285714286,18,0,"MALE"
"1604",3.14285714285714,29,0,"MALE"
"1605",1.42857142857143,26,0,"FEMALE"
"1606",7.71428571428571,31,4,"MALE"
"1607",5.57142857142857,25,0,"MALE"
"1608",6,37,2,"MALE"
"1609",5.14285714285714,25,3,"MALE"
"1610",1.71428571428571,51,4,"FEMALE"
"1611",8.85714285714286,35,2,"MALE"
"1612",3.57142857142857,67,1,"MALE"
"1613",3.57142857142857,41,0,"MALE"
"1614",1.42857142857143,49,1,"MALE"
"1615",7.85714285714286,26,0,"MALE"
"1616",4.14285714285714,41,2,"MALE"
"1617",5.42857142857143,40,0,"FEMALE"
"1618",1.85714285714286,58,2,"FEMALE"
"1619",3.42857142857143,23,0,"MALE"
"1620",3.57142857142857,64,3,"MALE"
"1621",6.14285714285714,34,0,"FEMALE"
"1622",2,48,3,"FEMALE"
"1623",6.85714285714286,63,3,"MALE"
"1624",2,43,0,"FEMALE"
"1625",8.57142857142857,26,1,"MALE"
"1626",4.71428571428571,25,0,"FEMALE"
"1627",5.71428571428571,41,0,"MALE"
"1628",2.28571428571429,26,3,"FEMALE"
"1629",6.42857142857143,30,3,"MALE"
"1630",3,37,2,"MALE"
"1631",5.28571428571429,31,4,"MALE"
"1632",5.71428571428571,67,3,"MALE"
"1633",1,18,0,"FEMALE"
"1634",4.85714285714286,61,1,"MALE"
"1635",1.28571428571429,47,3,"MALE"
"1636",2.14285714285714,67,1,"MALE"
"1637",1.42857142857143,26,0,"MALE"
"1638",3.28571428571429,31,3,"MALE"
"1639",2.57142857142857,36,3,"MALE"
"1640",2,42,0,"MALE"
"1641",3,22,0,"FEMALE"
"1642",5.85714285714286,67,0,"MALE"
"1643",2.85714285714286,20,0,"MALE"
"1644",7.42857142857143,27,0,"MALE"
"1645",2.42857142857143,19,0,"FEMALE"
"1646",4,30,0,"MALE"
"1647",2,22,0,"FEMALE"
"1648",2.14285714285714,71,0,"FEMALE"
"1649",4.85714285714286,71,0,"MALE"
"1650",6,31,4,"MALE"
"1651",6.42857142857143,21,0,"MALE"
"1652",7.14285714285714,36,2,"MALE"
"1653",8.42857142857143,26,0,"MALE"
"1654",1.85714285714286,31,2,"MALE"
"1655",2.71428571428571,28,1,"FEMALE"
"1656",8.57142857142857,30,1,"MALE"
"1657",6.42857142857143,24,0,"MALE"
"1658",6,27,3,"MALE"
"1659",1.71428571428571,19,4,"FEMALE"
"1660",2.85714285714286,26,4,"MALE"
"1661",1.85714285714286,24,0,"MALE"
"1662",2.42857142857143,30,1,"MALE"
"1663",2.42857142857143,26,4,"FEMALE"
"1664",2.14285714285714,26,3,"MALE"
"1665",2.42857142857143,25,0,"FEMALE"
"1666",7.85714285714286,40,3,"MALE"
"1667",5.14285714285714,45,0,"MALE"
"1668",1.57142857142857,44,0,"MALE"
"1669",5,21,4,"MALE"
"1670",6.14285714285714,34,3,"FEMALE"
"1671",2.57142857142857,55,2,"MALE"
"1672",7,31,0,"MALE"
"1673",4,22,0,"MALE"
"1674",6.57142857142857,19,0,"FEMALE"
"1675",6.14285714285714,71,3,"MALE"
"1676",3,71,0,"MALE"
"1677",7.71428571428571,24,1,"MALE"
"1678",6.42857142857143,20,0,"MALE"
"1679",3.85714285714286,43,4,"MALE"
"1680",5.71428571428571,19,0,"FEMALE"
"1681",7.14285714285714,25,2,"MALE"
"1682",5.14285714285714,19,0,"MALE"
"1683",2.57142857142857,23,3,"MALE"
"1684",7,18,0,"MALE"
"1685",1.85714285714286,19,0,"MALE"
"1686",2.42857142857143,29,0,"FEMALE"
"1687",2.57142857142857,45,3,"FEMALE"
"1688",1.14285714285714,45,4,"FEMALE"
"1689",7.85714285714286,50,1,"MALE"
"1690",2.42857142857143,49,0,"FEMALE"
"1691",3.14285714285714,57,3,"MALE"
"1692",7.28571428571429,32,4,"MALE"
"1693",3.28571428571429,26,0,"FEMALE"
"1694",4.71428571428571,49,1,"MALE"
"1695",2.28571428571429,28,2,"FEMALE"
"1696",3.57142857142857,29,0,"MALE"
"1697",1.57142857142857,38,4,"MALE"
"1698",7.42857142857143,31,0,"MALE"
"1699",2,31,3,"MALE"
"1700",10,21,1,"MALE"
"1701",5.71428571428571,70,4,"MALE"
"1702",6.85714285714286,49,1,"MALE"
"1703",1.28571428571429,43,3,"FEMALE"
"1704",2.28571428571429,37,2,"FEMALE"
"1705",7.57142857142857,41,1,"MALE"
"1706",8.71428571428571,25,4,"MALE"
"1707",2.14285714285714,43,3,"MALE"
"1708",6.57142857142857,42,4,"MALE"
"1709",7.42857142857143,23,0,"MALE"
"1710",7.14285714285714,25,0,"MALE"
"1711",3.14285714285714,30,3,"FEMALE"
"1712",7.57142857142857,49,3,"MALE"
"1713",6.28571428571429,37,1,"MALE"
"1714",7.42857142857143,34,0,"MALE"
"1715",2.28571428571429,24,0,"FEMALE"
"1716",2.42857142857143,26,0,"MALE"
"1717",4,49,0,"FEMALE"
"1718",2.57142857142857,28,2,"FEMALE"
"1719",9,29,3,"MALE"
"1720",7.57142857142857,21,0,"MALE"
"1721",0.714285714285714,42,3,"FEMALE"
"1722",4.57142857142857,25,0,"FEMALE"
"1723",3.42857142857143,44,2,"MALE"
"1724",3.85714285714286,38,0,"MALE"
"1725",6.42857142857143,41,3,"MALE"
"1726",8.14285714285714,34,2,"MALE"
"1727",6.14285714285714,19,2,"MALE"
"1728",6.28571428571429,31,0,"MALE"
"1729",7,31,4,"MALE"
"1730",5.28571428571429,52,3,"FEMALE"
"1731",7.28571428571429,19,0,"MALE"
"1732",6.71428571428571,31,2,"MALE"
"1733",8,44,2,"MALE"
"1734",5.28571428571429,23,3,"MALE"
"1735",3.28571428571429,65,1,"MALE"
"1736",8.28571428571429,27,0,"MALE"
"1737",2.57142857142857,20,3,"MALE"
"1738",1.42857142857143,65,3,"MALE"
"1739",2.14285714285714,43,2,"FEMALE"
"1740",5,31,4,"FEMALE"
"1741",1.71428571428571,26,4,"FEMALE"
"1742",5,23,2,"MALE"
"1743",8.28571428571429,27,2,"MALE"
"1744",1.14285714285714,51,0,"FEMALE"
"1745",3,46,2,"FEMALE"
"1746",8.85714285714286,20,0,"MALE"
"1747",8,23,0,"MALE"
"1748",2.57142857142857,26,0,"MALE"
"1749",1.28571428571429,19,0,"FEMALE"
"1750",2.28571428571429,49,1,"MALE"
"1751",5.85714285714286,40,0,"MALE"
"1752",3.28571428571429,42,1,"MALE"
"1753",4.57142857142857,42,4,"FEMALE"
"1754",2.57142857142857,46,3,"MALE"
"1755",0,46,3,"MALE"
"1756",3.14285714285714,29,3,"FEMALE"
"1757",3.85714285714286,69,2,"MALE"
"1758",1.85714285714286,46,2,"FEMALE"
"1759",6.71428571428571,51,2,"MALE"
"1760",3.14285714285714,31,4,"MALE"
"1761",9,30,1,"MALE"
"1762",2.42857142857143,49,3,"FEMALE"
"1763",5.57142857142857,18,0,"FEMALE"
"1764",5.71428571428571,71,3,"MALE"
"1765",3.42857142857143,54,3,"MALE"
"1766",6,45,2,"MALE"
"1767",1.42857142857143,24,0,"FEMALE"
"1768",2.28571428571429,48,1,"MALE"
"1769",1.85714285714286,51,3,"MALE"
"1770",2,26,2,"FEMALE"
"1771",6,72,0,"MALE"
"1772",2,34,3,"FEMALE"
"1773",8.42857142857143,24,0,"MALE"
"1774",6.28571428571429,75,2,"MALE"
"1775",6.71428571428571,42,1,"MALE"
"1776",1.71428571428571,37,2,"FEMALE"
"1777",3.71428571428571,64,1,"MALE"
"1778",1.28571428571429,46,4,"FEMALE"
"1779",4.71428571428571,23,0,"MALE"
"1780",6,24,0,"MALE"
"1781",1.71428571428571,26,0,"MALE"
"1782",1.85714285714286,70,1,"FEMALE"
"1783",2,23,4,"MALE"
"1784",1.85714285714286,22,0,"MALE"
"1785",1.57142857142857,41,1,"FEMALE"
"1786",2.57142857142857,59,3,"MALE"
"1787",2.71428571428571,30,0,"FEMALE"
"1788",0,32,4,"MALE"
"1789",4.28571428571429,35,4,"MALE"
"1790",1.28571428571429,27,0,"MALE"
"1791",2.28571428571429,20,0,"MALE"
"1792",4.14285714285714,37,0,"MALE"
"1793",7.28571428571429,39,3,"MALE"
"1794",2.14285714285714,34,2,"MALE"
"1795",1.85714285714286,47,1,"FEMALE"
"1796",1.57142857142857,38,2,"FEMALE"
"1797",2,57,3,"FEMALE"
"1798",1.57142857142857,25,0,"FEMALE"
"1799",4.14285714285714,25,0,"MALE"
"1800",4.14285714285714,31,0,"MALE"
"1801",4.85714285714286,51,4,"MALE"
"1802",7,24,0,"FEMALE"
"1803",8.14285714285714,19,0,"MALE"
"1804",6.71428571428571,35,0,"MALE"
"1805",6,53,1,"MALE"
"1806",3.42857142857143,51,3,"MALE"
"1807",8.71428571428571,35,4,"MALE"
"1808",3.85714285714286,20,0,"MALE"
"1809",9,23,4,"MALE"
"1810",3.42857142857143,31,4,"MALE"
"1811",2.71428571428571,50,1,"MALE"
"1812",9.28571428571429,19,1,"MALE"
"1813",7.85714285714286,46,3,"MALE"
"1814",4.85714285714286,72,0,"MALE"
"1815",2.14285714285714,48,1,"MALE"
"1816",1.14285714285714,31,4,"MALE"
"1817",2,23,0,"MALE"
"1818",7.42857142857143,28,0,"MALE"
"1819",1.85714285714286,29,4,"FEMALE"
"1820",1.71428571428571,23,0,"FEMALE"
"1821",3.28571428571429,68,0,"MALE"
"1822",5.42857142857143,32,4,"FEMALE"
"1823",6.71428571428571,35,2,"MALE"
"1824",0,25,1,"MALE"
"1825",4.57142857142857,29,3,"MALE"
"1826",6.42857142857143,22,0,"MALE"
"1827",5.71428571428571,70,1,"MALE"
"1828",2,50,4,"FEMALE"
"1829",6.42857142857143,72,2,"MALE"
"1830",2.14285714285714,26,4,"FEMALE"
"1831",2.85714285714286,23,0,"MALE"
"1832",2,47,4,"FEMALE"
"1833",6.14285714285714,62,3,"MALE"
"1834",5.57142857142857,68,2,"MALE"
"1835",6.57142857142857,40,4,"MALE"
"1836",8.28571428571429,30,0,"MALE"
"1837",2.85714285714286,39,2,"FEMALE"
"1838",4.28571428571429,21,3,"MALE"
"1839",7.57142857142857,28,0,"MALE"
"1840",9.14285714285714,23,4,"MALE"
"1841",7.71428571428571,23,0,"MALE"
"1842",3,34,1,"MALE"
"1843",5.28571428571429,36,1,"MALE"
"1844",3.85714285714286,51,2,"MALE"
"1845",0.571428571428571,69,0,"FEMALE"
"1846",2.57142857142857,60,2,"MALE"
"1847",6.42857142857143,18,0,"FEMALE"
"1848",3.28571428571429,38,3,"FEMALE"
"1849",2.14285714285714,48,3,"FEMALE"
"1850",6.85714285714286,35,4,"MALE"
"1851",2.14285714285714,51,1,"MALE"
"1852",4.85714285714286,28,0,"MALE"
"1853",1,35,0,"FEMALE"
"1854",5.14285714285714,19,0,"MALE"
"1855",4,31,0,"MALE"
"1856",7.85714285714286,32,2,"FEMALE"
"1857",3.14285714285714,21,0,"MALE"
"1858",1.85714285714286,35,0,"MALE"
"1859",3.71428571428571,30,0,"MALE"
"1860",1.14285714285714,32,0,"FEMALE"
"1861",7.85714285714286,27,3,"MALE"
"1862",6.71428571428571,21,0,"FEMALE"
"1863",3.57142857142857,30,1,"MALE"
"1864",3.85714285714286,19,0,"MALE"
"1865",1.71428571428571,29,2,"FEMALE"
"1866",1.28571428571429,35,0,"MALE"
"1867",1.42857142857143,28,1,"FEMALE"
"1868",9.14285714285714,19,4,"MALE"
"1869",8.85714285714286,36,2,"MALE"
"1870",5.85714285714286,51,3,"MALE"
"1871",2,50,3,"MALE"
"1872",5,30,1,"MALE"
"1873",8.28571428571429,19,4,"MALE"
"1874",6.14285714285714,34,3,"MALE"
"1875",2.14285714285714,34,0,"MALE"
"1876",4.42857142857143,35,4,"MALE"
"1877",3,19,0,"MALE"
"1878",4.14285714285714,18,0,"MALE"
"1879",1.57142857142857,32,4,"FEMALE"
"1880",7.42857142857143,42,1,"MALE"
"1881",4.85714285714286,18,0,"MALE"
"1882",8.14285714285714,45,3,"MALE"
"1883",6.57142857142857,24,0,"FEMALE"
"1884",1.57142857142857,21,0,"FEMALE"
"1885",1.42857142857143,68,3,"MALE"
"1886",1.42857142857143,32,4,"MALE"
"1887",7.28571428571429,36,2,"MALE"
"1888",1.57142857142857,18,0,"FEMALE"
"1889",2.14285714285714,51,0,"FEMALE"
"1890",7,27,0,"MALE"
"1891",5.57142857142857,55,1,"MALE"
"1892",7.28571428571429,23,0,"MALE"
"1893",1.85714285714286,23,0,"MALE"
"1894",6,18,2,"MALE"
"1895",2.28571428571429,50,2,"MALE"
"1896",4.85714285714286,36,4,"MALE"
"1897",2.14285714285714,31,4,"FEMALE"
"1898",4,31,2,"MALE"
"1899",8.42857142857143,28,3,"MALE"
"1900",2.14285714285714,50,0,"MALE"
"1901",5.71428571428571,45,1,"MALE"
"1902",5.85714285714286,32,1,"MALE"
"1903",2.57142857142857,50,1,"MALE"
"1904",1.85714285714286,31,3,"MALE"
"1905",1.42857142857143,25,0,"MALE"
"1906",6.85714285714286,31,4,"MALE"
"1907",7,43,2,"MALE"
"1908",3.14285714285714,72,0,"FEMALE"
"1909",2.42857142857143,75,1,"MALE"
"1910",2,33,4,"FEMALE"
"1911",1.42857142857143,44,1,"MALE"
"1912",2.92857142857143,25,2,"FEMALE"
"1913",1,39,2,"MALE"
"1914",9.42857142857143,28,0,"MALE"
"1915",2,19,3,"MALE"
"1916",4.28571428571429,46,0,"MALE"
"1917",2.28571428571429,38,2,"FEMALE"
"1918",3.85714285714286,25,0.5,"FEMALE"
"1919",6,27,0,"MALE"
"1920",2,40,0,"FEMALE"
"1921",3.14285714285714,47,3,"FEMALE"
"1922",2.14285714285714,50,3,"FEMALE"
"1923",1.42857142857143,49,0,"MALE"
"1924",5.14285714285714,36,0,"MALE"
"1925",7.71428571428571,20,0,"MALE"
"1926",7.28571428571429,38,1,"MALE"
"1927",4.85714285714286,63,3,"MALE"
"1928",3.71428571428571,22,0,"MALE"
"1929",1.14285714285714,45,1,"FEMALE"
"1930",9.85714285714286,30,3,"MALE"
"1931",1.85714285714286,25,0,"FEMALE"
"1932",2.71428571428571,27,0,"MALE"
"1933",6.42857142857143,29,0,"MALE"
"1934",7.14285714285714,28,0,"MALE"
"1935",2.71428571428571,24,0,"MALE"
"1936",0,66,3,"MALE"
"1937",4.71428571428571,26,0,"MALE"
"1938",8,27,2,"MALE"
"1939",5.71428571428571,65,3,"MALE"
"1940",7.14285714285714,33,3,"MALE"
"1941",3.71428571428571,25,0,"FEMALE"
"1942",3.14285714285714,36,3,"FEMALE"
"1943",2,34,3,"FEMALE"
"1944",5.71428571428571,36,4,"MALE"
"1945",5.71428571428571,48,0,"MALE"
"1946",1.57142857142857,39,2,"FEMALE"
"1947",9.57142857142857,30,1,"MALE"
"1948",1.85714285714286,20,0,"MALE"
"1949",6.57142857142857,74,0,"MALE"
"1950",6.28571428571429,29,4,"FEMALE"
"1951",1.57142857142857,23,0,"MALE"
"1952",1.42857142857143,44,0,"FEMALE"
"1953",7.71428571428571,23,0,"MALE"
"1954",1.14285714285714,32,0,"FEMALE"
"1955",7.85714285714286,37,4,"MALE"
"1956",8.42857142857143,28,0,"MALE"
"1957",7.85714285714286,38,2,"MALE"
"1958",2.14285714285714,27,3,"MALE"
"1959",5.71428571428571,36,1,"FEMALE"
"1960",2.42857142857143,47,4,"FEMALE"
"1961",4.85714285714286,40,4,"FEMALE"
"1962",2.71428571428571,66,2,"MALE"
"1963",4.85714285714286,64,1,"FEMALE"
"1964",1.71428571428571,48,3,"MALE"
"1965",2.14285714285714,19,0,"FEMALE"
"1966",7.71428571428571,39,3,"MALE"
"1967",4.28571428571429,24,0,"MALE"
"1968",7.71428571428571,21,0,"MALE"
"1969",4.42857142857143,30,0,"MALE"
"1970",3.28571428571429,30,3,"MALE"
"1971",8.57142857142857,36,3,"MALE"
"1972",5.71428571428571,69,0,"MALE"
"1973",8.28571428571429,22,4,"MALE"
"1974",2.28571428571429,21,0,"MALE"
"1975",7.14285714285714,38,0,"MALE"
"1976",7.71428571428571,22,0,"MALE"
"1977",8.57142857142857,30,3,"MALE"
"1978",5.28571428571429,29,2,"MALE"
"1979",4.28571428571429,34,2,"MALE"
"1980",6.85714285714286,34,4,"MALE"
"1981",2.57142857142857,42,0,"FEMALE"
"1982",6.28571428571429,26,0,"MALE"
"1983",3.28571428571429,33,2,"MALE"
"1984",2.57142857142857,22,0,"FEMALE"
"1985",1.28571428571429,18,0,"MALE"
"1986",2.14285714285714,19,0,"FEMALE"
"1987",5,50,1,"FEMALE"
"1988",1.14285714285714,39,3,"FEMALE"
"1989",9,21,3,"MALE"
"1990",4.85714285714286,39,2,"MALE"
"1991",5.42857142857143,23,3,"MALE"
"1992",8.14285714285714,24,0,"MALE"
"1993",1.85714285714286,37,1,"FEMALE"
"1994",1.28571428571429,47,0,"FEMALE"
"1995",6.57142857142857,21,0,"MALE"
"1996",4.85714285714286,18,0,"MALE"
"1997",5.85714285714286,42,0,"MALE"
"1998",3.28571428571429,18,0,"MALE"
"1999",1.42857142857143,46,3,"FEMALE"
"2000",5,66,0,"FEMALE"
"2001",1.85714285714286,25,0,"MALE"
"2002",1.57142857142857,59,4,"FEMALE"
"2003",7,31,2,"FEMALE"
"2004",9,26,0,"MALE"
"2005",2,25,0,"MALE"
"2006",4.42857142857143,29,0,"MALE"
"2007",3.57142857142857,30,4,"MALE"
"2008",8,43,2,"MALE"
"2009",4.71428571428571,34,2,"MALE"
"2010",1.71428571428571,36,1,"MALE"
"2011",6.14285714285714,20,0,"MALE"
"2012",7.42857142857143,32,1,"MALE"
"2013",1.28571428571429,41,0,"MALE"
"2014",3.85714285714286,55,3,"MALE"
"2015",3.57142857142857,26,0,"MALE"
"2016",7.42857142857143,41,1,"MALE"
"2017",2.85714285714286,51,3,"FEMALE"
"2018",1.42857142857143,32,0,"FEMALE"
"2019",7.57142857142857,46,2,"MALE"
"2020",6.57142857142857,24,0,"MALE"
"2021",3.42857142857143,25,0,"MALE"
"2022",2.71428571428571,50,2,"MALE"
"2023",4.14285714285714,64,3,"FEMALE"
"2024",1.28571428571429,33,2,"FEMALE"
"2025",2.14285714285714,42,2,"MALE"
"2026",3.57142857142857,25,0,"MALE"
"2027",3.42857142857143,51,4,"MALE"
"2028",1.28571428571429,31,0,"MALE"
"2029",5.85714285714286,68,3,"MALE"
"2030",7.14285714285714,45,0,"MALE"
"2031",6.14285714285714,56,3,"MALE"
"2032",7.57142857142857,29,0,"MALE"
"2033",2.57142857142857,18,0,"MALE"
"2034",9,29,4,"MALE"
"2035",6.14285714285714,69,2,"MALE"
"2036",2.28571428571429,37,4,"MALE"
"2037",5,25,0,"MALE"
"2038",1.14285714285714,29,0,"MALE"
"2039",2.57142857142857,18,0,"FEMALE"
"2040",2,25,0,"FEMALE"
"2041",5.71428571428571,42,4,"MALE"
"2042",1.28571428571429,40,1,"MALE"
"2043",6.71428571428571,24,0,"FEMALE"
"2044",7.42857142857143,22,0,"MALE"
"2045",6.14285714285714,68,4,"MALE"
"2046",3.57142857142857,50,0,"MALE"
"2047",5.28571428571429,34,3,"MALE"
"2048",2,26,1,"FEMALE"
"2049",8.85714285714286,30,0,"MALE"
"2050",7.28571428571429,46,2,"MALE"
"2051",1.57142857142857,28,0,"MALE"
"2052",4.28571428571429,22,3,"MALE"
"2053",1.71428571428571,50,3,"MALE"
"2054",2.71428571428571,24,0,"MALE"
"2055",2.28571428571429,25,1,"MALE"
"2056",2.57142857142857,18,0,"FEMALE"
"2057",6.57142857142857,34,3,"MALE"
"2058",2.14285714285714,18,0,"MALE"
"2059",7.57142857142857,21,0,"MALE"
"2060",2.71428571428571,30,3,"FEMALE"
"2061",3.85714285714286,62,4,"MALE"
"2062",8.28571428571429,27,2,"MALE"
"2063",0,26,0,"MALE"
"2064",2,26,1,"FEMALE"
"2065",4.14285714285714,31,1,"MALE"
"2066",7.14285714285714,28,0,"MALE"
"2067",7.14285714285714,46,4,"MALE"
"2068",7.57142857142857,26,0,"MALE"
"2069",2.28571428571429,55,0,"FEMALE"
"2070",1.42857142857143,43,4,"FEMALE"
"2071",1,20,0,"MALE"
"2072",1.57142857142857,42,0,"FEMALE"
"2073",1.71428571428571,44,0,"FEMALE"
"2074",1.14285714285714,19,0,"FEMALE"
"2075",7,20,0,"MALE"
"2076",7.28571428571429,28,0,"MALE"
"2077",7,21,0,"MALE"
"2078",2.14285714285714,27,3,"FEMALE"
"2079",2.85714285714286,33,2,"FEMALE"
"2080",1.85714285714286,19,0,"MALE"
"2081",7.42857142857143,46,3,"MALE"
"2082",2.57142857142857,60,3,"MALE"
"2083",5.85714285714286,26,0,"MALE"
"2084",2.57142857142857,44,3,"MALE"
"2085",7.85714285714286,20,0,"MALE"
"2086",2.28571428571429,19,0,"FEMALE"
"2087",2,30,3,"MALE"
"2088",3.71428571428571,59,1,"MALE"
"2089",5.28571428571429,37,0,"MALE"
"2090",2.71428571428571,41,4,"FEMALE"
"2091",1.71428571428571,25,0,"FEMALE"
"2092",3.42857142857143,25,0,"FEMALE"
"2093",1.85714285714286,64,4,"MALE"
"2094",2.14285714285714,25,4,"MALE"
"2095",1.28571428571429,50,3,"MALE"
"2096",5.14285714285714,37,3,"MALE"
"2097",6.14285714285714,27,0,"MALE"
"2098",4.28571428571429,42,1,"MALE"
"2099",6.57142857142857,32,3,"MALE"
"2100",2,51,0,"FEMALE"
"2101",2.28571428571429,31,0,"MALE"
"2102",2.85714285714286,19,0,"MALE"
"2103",2.14285714285714,26,0,"FEMALE"
"2104",2.57142857142857,30,1,"MALE"
"2105",5.57142857142857,30,3,"MALE"
"2106",3,43,4,"MALE"
"2107",1,43,0,"FEMALE"
"2108",1.85714285714286,41,1,"FEMALE"
"2109",1.71428571428571,23,0,"MALE"
"2110",6.42857142857143,39,4,"MALE"
"2111",5.28571428571429,73,1,"MALE"
"2112",4,28,0,"MALE"
"2113",1.85714285714286,19,0,"FEMALE"
"2114",2.42857142857143,20,0,"MALE"
"2115",9,21,2,"FEMALE"
"2116",2.14285714285714,53,3,"MALE"
"2117",7,48,3,"MALE"
"2118",7.14285714285714,31,3,"MALE"
"2119",2,25,1,"FEMALE"
"2120",4.28571428571429,37,2,"MALE"
"2121",2.57142857142857,20,0,"MALE"
"2122",5.28571428571429,68,0,"MALE"
"2123",6.42857142857143,68,0,"MALE"
"2124",2.42857142857143,33,1,"FEMALE"
"2125",1.28571428571429,30,2,"FEMALE"
"2126",4.71428571428571,26,2,"FEMALE"
"2127",2.42857142857143,26,3,"MALE"
"2128",1,27,0,"MALE"
"2129",4.57142857142857,24,0,"MALE"
"2130",8,27,1,"MALE"
"2131",1.71428571428571,21,0,"MALE"
"2132",7.57142857142857,27,0,"MALE"
"2133",8.14285714285714,33,4,"MALE"
"2134",2,49,4,"FEMALE"
"2135",2.57142857142857,50,0,"FEMALE"
"2136",3.14285714285714,43,0,"MALE"
"2137",4.85714285714286,41,4,"MALE"
"2138",6,21,0,"MALE"
"2139",7.28571428571429,49,2,"MALE"
"2140",5.28571428571429,38,0,"FEMALE"
"2141",1.57142857142857,24,0,"FEMALE"
"2142",3,24,0,"FEMALE"
"2143",1.42857142857143,18,0,"FEMALE"
"2144",1.57142857142857,31,0,"MALE"
"2145",2.28571428571429,29,1,"MALE"
"2146",4.85714285714286,59,0,"MALE"
"2147",8.71428571428571,24,1,"MALE"
"2148",3.71428571428571,20,2,"MALE"
"2149",8.71428571428571,29,0,"MALE"
"2150",2.14285714285714,50,1,"MALE"
"2151",7.71428571428571,29,3,"FEMALE"
"2152",2.85714285714286,42,2,"MALE"
"2153",2.57142857142857,49,3,"FEMALE"
"2154",8.57142857142857,18,0,"MALE"
"2155",5.71428571428571,45,0,"MALE"
"2156",3.42857142857143,21,0,"FEMALE"
"2157",2.57142857142857,73,0,"MALE"
"2158",4.71428571428571,46,4,"MALE"
"2159",7.71428571428571,31,4,"MALE"
"2160",6.57142857142857,50,2,"FEMALE"
"2161",4,31,1,"MALE"
"2162",3.85714285714286,45,2,"MALE"
"2163",1.85714285714286,64,1,"MALE"
"2164",2.14285714285714,21,0,"MALE"
"2165",3.14285714285714,52,3,"MALE"
"2166",2.42857142857143,22,0,"FEMALE"
"2167",1.14285714285714,38,0,"FEMALE"
"2168",5.57142857142857,52,1,"MALE"
"2169",4.28571428571429,22,0,"FEMALE"
"2170",1.28571428571429,38,2,"MALE"
"2171",8.14285714285714,21,0,"MALE"
"2172",8.14285714285714,35,1,"MALE"
"2173",1.85714285714286,31,4,"MALE"
"2174",6.14285714285714,26,0,"MALE"
"2175",1.71428571428571,37,0,"MALE"
"2176",3.85714285714286,31,2,"MALE"
"2177",2.28571428571429,51,4,"MALE"
"2178",1.57142857142857,26,3,"FEMALE"
"2179",2,35,1,"FEMALE"
"2180",1.85714285714286,24,0,"FEMALE"
"2181",1.85714285714286,51,1,"FEMALE"
"2182",1,27,1,"FEMALE"
"2183",1.57142857142857,21,0,"FEMALE"
"2184",2.57142857142857,25,0,"FEMALE"
"2185",3.71428571428571,18,0,"MALE"
"2186",8.14285714285714,23,1,"MALE"
"2187",5.71428571428571,36,0,"MALE"
"2188",2.14285714285714,22,2,"MALE"
"2189",6.28571428571429,22,0,"MALE"
"2190",1.14285714285714,23,1,"FEMALE"
"2191",2.14285714285714,39,1,"FEMALE"
"2192",2.28571428571429,41,2,"MALE"
"2193",4.28571428571429,49,4,"MALE"
"2194",8.14285714285714,28,0,"MALE"
"2195",2.42857142857143,28,1,"FEMALE"
"2196",2.71428571428571,31,0,"MALE"
"2197",2.85714285714286,40,1,"MALE"
"2198",5.14285714285714,21,0,"MALE"
"2199",5,20,2,"MALE"
"2200",4.42857142857143,48,0,"FEMALE"
"2201",1.85714285714286,24,0,"FEMALE"
"2202",4.14285714285714,23,0,"MALE"
"2203",3.57142857142857,22,0,"FEMALE"
"2204",2.57142857142857,31,0,"MALE"
"2205",7.57142857142857,40,3,"MALE"
"2206",5,27,0,"MALE"
"2207",3.71428571428571,68,0,"MALE"
"2208",2.28571428571429,24,4,"MALE"
"2209",1.85714285714286,25,0,"FEMALE"
"2210",2,40,0,"MALE"
"2211",1.85714285714286,68,2,"MALE"
"2212",1.28571428571429,31,4,"MALE"
"2213",2.28571428571429,46,3,"FEMALE"
"2214",1.85714285714286,27,0,"MALE"
"2215",9.14285714285714,24,3,"MALE"
"2216",3.85714285714286,42,1,"MALE"
"2217",0.571428571428571,31,0,"FEMALE"
"2218",3.42857142857143,62,0,"MALE"
"2219",6.28571428571429,57,0,"MALE"
"2220",3.71428571428571,70,4,"MALE"
"2221",1.57142857142857,29,0,"MALE"
"2222",2.14285714285714,22,0,"FEMALE"
"2223",2.57142857142857,25,0,"MALE"
"2224",2.28571428571429,33,0,"MALE"
"2225",8,32,1,"MALE"
"2226",8,50,3,"MALE"
"2227",1.85714285714286,34,4,"MALE"
"2228",6.28571428571429,19,0,"MALE"
"2229",6.14285714285714,24,0,"FEMALE"
"2230",2,26,4,"FEMALE"
"2231",1,25,0,"FEMALE"
"2232",2,25,3,"MALE"
"2233",2.28571428571429,21,0,"MALE"
"2234",2.42857142857143,66,1,"MALE"
"2235",0.714285714285714,31,0,"MALE"
"2236",1,31,0,"MALE"
"2237",3.42857142857143,45,3,"MALE"
"2238",6.28571428571429,26,1,"MALE"
"2239",5.42857142857143,43,4,"MALE"
"2240",3,51,1,"MALE"
"2241",7,28,0,"MALE"
"2242",5.28571428571429,49,4,"MALE"
"2243",7.28571428571429,37,3,"MALE"
"2244",8.85714285714286,20,1,"MALE"
"2245",1.57142857142857,20,0,"FEMALE"
"2246",7.42857142857143,28,4,"MALE"
"2247",1.71428571428571,31,0,"MALE"
"2248",7.71428571428571,33,4,"MALE"
"2249",7.14285714285714,22,3,"MALE"
"2250",1.42857142857143,38,4,"FEMALE"
"2251",5,59,4,"MALE"
"2252",3.28571428571429,30,0,"MALE"
"2253",2.85714285714286,34,0,"FEMALE"
"2254",7.42857142857143,24,0,"MALE"
"2255",4.57142857142857,26,0,"MALE"
"2256",6.71428571428571,30,3,"MALE"
"2257",0.714285714285714,29,0,"MALE"
"2258",1.71428571428571,26,0,"FEMALE"
"2259",7.71428571428571,37,0,"MALE"
"2260",3.85714285714286,28,0,"MALE"
"2261",4.57142857142857,24,0,"MALE"
"2262",5.85714285714286,44,3,"MALE"
"2263",3.14285714285714,52,0,"MALE"
"2264",8.28571428571429,29,0,"MALE"
"2265",8.14285714285714,25,0,"MALE"
"2266",1.85714285714286,50,1,"FEMALE"
"2267",3.71428571428571,41,0,"MALE"
"2268",7,48,0,"MALE"
"2269",4.85714285714286,18,3,"MALE"
"2270",3.71428571428571,43,2,"MALE"
"2271",8.42857142857143,21,0,"MALE"
"2272",5,41,1,"MALE"
"2273",4.28571428571429,29,1,"MALE"
"2274",2.71428571428571,23,3,"MALE"
"2275",8,33,4,"MALE"
"2276",2.42857142857143,41,2,"FEMALE"
"2277",2.28571428571429,48,1,"MALE"
"2278",2.42857142857143,23,0,"MALE"
"2279",1.28571428571429,71,0,"MALE"
"2280",4.14285714285714,36,0,"FEMALE"
"2281",2.42857142857143,28,1,"MALE"
"2282",3.28571428571429,54,3,"MALE"
"2283",0.714285714285714,25,0,"FEMALE"
"2284",2.85714285714286,37,0,"MALE"
"2285",2.57142857142857,37,1,"FEMALE"
"2286",6.71428571428571,23,0,"MALE"
"2287",4,24,0,"MALE"
"2288",3.71428571428571,50,2,"FEMALE"
"2289",7,27,2,"MALE"
"2290",6.14285714285714,69,3,"MALE"
"2291",2,47,3,"FEMALE"
"2292",7.85714285714286,37,3,"MALE"
"2293",1.71428571428571,48,1,"FEMALE"
"2294",4,25,0,"FEMALE"
"2295",3.85714285714286,21,4,"MALE"
"2296",6.42857142857143,22,2,"MALE"
"2297",10,22,3,"MALE"
"2298",6.71428571428571,42,0,"MALE"
"2299",6,49,0,"MALE"
"2300",5,75,0,"MALE"
"2301",2.57142857142857,36,1,"FEMALE"
"2302",2.14285714285714,43,4,"FEMALE"
"2303",4.42857142857143,24,3,"MALE"
"2304",6.85714285714286,18,0,"MALE"
"2305",6.14285714285714,29,0,"MALE"
"2306",0,28,0,"MALE"
"2307",3.85714285714286,22,3,"MALE"
"2308",7.57142857142857,36,1,"MALE"
"2309",6.85714285714286,19,0,"MALE"
"2310",4,62,0,"MALE"
"2311",1.28571428571429,42,4,"MALE"
"2312",4.85714285714286,61,2,"MALE"
"2313",1.14285714285714,33,0,"FEMALE"
"2314",5.71428571428571,70,4,"MALE"
"2315",5,37,0,"MALE"
"2316",5.14285714285714,27,0,"MALE"
"2317",7.28571428571429,22,0,"MALE"
"2318",3,34,1,"MALE"
"2319",2.42857142857143,27,3,"MALE"
"2320",4.85714285714286,25,0,"MALE"
"2321",6.85714285714286,25,0,"MALE"
"2322",9,20,4,"MALE"
"2323",2.57142857142857,47,0,"MALE"
"2324",7.28571428571429,21,0,"MALE"
"2325",2.42857142857143,40,0,"MALE"
"2326",1.71428571428571,27,3,"FEMALE"
"2327",7.42857142857143,36,3,"MALE"
"2328",2,31,4,"MALE"
"2329",6.42857142857143,32,2,"FEMALE"
"2330",4.42857142857143,33,2,"MALE"
"2331",2.85714285714286,23,1,"MALE"
"2332",3,23,4,"MALE"
"2333",7.57142857142857,25,0,"MALE"
"2334",3.42857142857143,39,0,"MALE"
"2335",1.85714285714286,43,4,"MALE"
"2336",7.28571428571429,29,0,"MALE"
"2337",1.71428571428571,34,2,"MALE"
"2338",2.71428571428571,73,4,"MALE"
"2339",1,21,0,"MALE"
"2340",3.85714285714286,34,3,"MALE"
"2341",7.57142857142857,48,0,"MALE"
"2342",5.28571428571429,51,0,"MALE"
"2343",7.85714285714286,41,3,"MALE"
"2344",5.42857142857143,20,4,"MALE"
"2345",5.71428571428571,20,0,"MALE"
"2346",2,31,2,"MALE"
"2347",0.714285714285714,44,0,"FEMALE"
"2348",5.28571428571429,25,0,"MALE"
"2349",1.71428571428571,25,0,"FEMALE"
"2350",6.28571428571429,35,0,"MALE"
"2351",3,65,2,"MALE"
"2352",5,21,4,"MALE"
"2353",4.14285714285714,38,0,"FEMALE"
"2354",7.42857142857143,40,3,"MALE"
"2355",0.857142857142857,44,1,"FEMALE"
"2356",5.71428571428571,31,0,"MALE"
"2357",1.28571428571429,30,2,"MALE"
"2358",8.57142857142857,23,0,"MALE"
"2359",3.57142857142857,50,3,"MALE"
"2360",1.42857142857143,26,2,"MALE"
"2361",7.71428571428571,20,2,"MALE"
"2362",9.14285714285714,48,1,"MALE"
"2363",2.71428571428571,26,4,"FEMALE"
"2364",6,63,4,"MALE"
"2365",2.14285714285714,44,3,"MALE"
"2366",1.71428571428571,34,1,"FEMALE"
"2367",3.14285714285714,69,0,"MALE"
"2368",2.85714285714286,47,4,"FEMALE"
"2369",4.85714285714286,67,0,"MALE"
"2370",1.85714285714286,24,0,"FEMALE"
"2371",6.28571428571429,40,0,"FEMALE"
"2372",2.42857142857143,46,4,"FEMALE"
"2373",4.28571428571429,29,1,"MALE"
"2374",1.28571428571429,24,0,"MALE"
"2375",4.28571428571429,63,4,"MALE"
"2376",7,31,4,"MALE"
"2377",3.14285714285714,33,2,"MALE"
"2378",1.71428571428571,43,0,"MALE"
"2379",8.14285714285714,26,0,"MALE"
"2380",7,30,3,"MALE"
"2381",7.57142857142857,24,0,"MALE"
"2382",7.71428571428571,36,2,"MALE"
"2383",6.14285714285714,60,0,"MALE"
"2384",5.14285714285714,22,3,"MALE"
"2385",2.28571428571429,30,0,"MALE"
"2386",5.14285714285714,20,4,"MALE"
"2387",2,31,0,"MALE"
"2388",7.28571428571429,45,1,"FEMALE"
"2389",6.28571428571429,49,0,"FEMALE"
"2390",3.71428571428571,21,0,"MALE"
"2391",2.14285714285714,31,3,"MALE"
"2392",7.14285714285714,37,1,"MALE"
"2393",4.85714285714286,35,3,"MALE"
"2394",7.28571428571429,31,1,"MALE"
"2395",5.57142857142857,59,4,"MALE"
"2396",4.14285714285714,18,0,"MALE"
"2397",4.28571428571429,20,3,"MALE"
"2398",4.14285714285714,69,0,"MALE"
"2399",6.85714285714286,23,3,"MALE"
"2400",9.85714285714286,29,2,"MALE"
"2401",3.14285714285714,18,0,"MALE"
"2402",8.28571428571429,50,2,"MALE"
"2403",7.42857142857143,29,2,"MALE"
"2404",4.14285714285714,27,0,"MALE"
"2405",4.42857142857143,50,3,"MALE"
"2406",1.28571428571429,59,0,"FEMALE"
"2407",7.85714285714286,44,4,"MALE"
"2408",4.14285714285714,25,2,"MALE"
"2409",1.57142857142857,61,1,"MALE"
"2410",0,23,0,"MALE"
"2411",7.71428571428571,21,0,"MALE"
"2412",2.42857142857143,20,1,"FEMALE"
"2413",2.85714285714286,44,0,"MALE"
"2414",3.71428571428571,57,1,"MALE"
"2415",4.57142857142857,46,1,"MALE"
"2416",3.57142857142857,30,2,"MALE"
"2417",7.14285714285714,31,0,"MALE"
"2418",5.28571428571429,22,1,"MALE"
"2419",2.71428571428571,30,4,"MALE"
"2420",3.14285714285714,71,0,"MALE"
"2421",8.14285714285714,27,2,"MALE"
"2422",4.71428571428571,50,0,"FEMALE"
"2423",6,54,0,"MALE"
"2424",5.71428571428571,20,0,"MALE"
"2425",1.28571428571429,38,1,"FEMALE"
"2426",4.14285714285714,36,1,"MALE"
"2427",4.57142857142857,30,2,"MALE"
"2428",7.42857142857143,26,0,"MALE"
"2429",2.14285714285714,66,3,"MALE"
"2430",6.85714285714286,29,3,"MALE"
"2431",7,44,2,"MALE"
"2432",4.85714285714286,67,0,"MALE"
"2433",8.42857142857143,26,2,"MALE"
"2434",8.57142857142857,18,0,"MALE"
"2435",4.57142857142857,50,1,"MALE"
"2436",9.71428571428571,22,4,"MALE"
"2437",8.14285714285714,25,0,"MALE"
"2438",3.71428571428571,24,0,"MALE"
"2439",7.57142857142857,26,0,"MALE"
"2440",1.57142857142857,23,0,"FEMALE"
"2441",1.85714285714286,27,1,"MALE"
"2442",3.85714285714286,18,2,"MALE"
"2443",8.42857142857143,31,4,"MALE"
"2444",2.85714285714286,21,0,"MALE"
"2445",6.14285714285714,29,0,"MALE"
"2446",5.28571428571429,24,0,"MALE"
"2447",7.14285714285714,27,0,"MALE"
"2448",5.14285714285714,24,4,"MALE"
"2449",7.85714285714286,30,0,"MALE"
"2450",7.57142857142857,26,0,"MALE"
"2451",5.57142857142857,23,0,"MALE"
"2452",2.14285714285714,24,0,"MALE"
"2453",4.85714285714286,48,3,"MALE"
"2454",1.57142857142857,25,0,"FEMALE"
"2455",4.28571428571429,30,3,"MALE"
"2456",3.42857142857143,27,3,"MALE"
"2457",1.85714285714286,31,0,"MALE"
"2458",5.28571428571429,66,2,"FEMALE"
"2459",1.85714285714286,51,1,"FEMALE"
"2460",3.85714285714286,71,0,"MALE"
"2461",2.14285714285714,33,2,"FEMALE"
"2462",2.71428571428571,20,4,"MALE"
"2463",4.28571428571429,31,0,"MALE"
"2464",3.57142857142857,60,1,"MALE"
"2465",2.28571428571429,23,0,"MALE"
"2466",5.57142857142857,39,4,"MALE"
"2467",7.71428571428571,25,4,"FEMALE"
"2468",7.28571428571429,19,0,"MALE"
"2469",2.28571428571429,30,4,"FEMALE"
"2470",5.42857142857143,72,4,"MALE"
"2471",1.28571428571429,39,0,"FEMALE"
"2472",4.14285714285714,27,0,"MALE"
"2473",3.71428571428571,23,0,"MALE"
"2474",1,38,0,"FEMALE"
"2475",0,75,0,"MALE"
"2476",2.57142857142857,39,0,"MALE"
"2477",6,31,0,"MALE"
"2478",5,53,2,"MALE"
"2479",1.85714285714286,32,4,"MALE"
"2480",1.28571428571429,24,0,"MALE"
"2481",2.28571428571429,27,0,"MALE"
"2482",2.14285714285714,19,3,"MALE"
"2483",3.85714285714286,43,4,"MALE"
"2484",6.85714285714286,41,2,"FEMALE"
"2485",4.28571428571429,38,4,"MALE"
"2486",8.85714285714286,26,2,"MALE"
"2487",8.42857142857143,28,1,"MALE"
"2488",9,23,1,"MALE"
"2489",0.285714285714286,21,1,"MALE"
"2490",2.28571428571429,32,4,"FEMALE"
"2491",7.28571428571429,29,0,"MALE"
"2492",2.57142857142857,20,0,"FEMALE"
"2493",5,54,1,"MALE"
"2494",5.57142857142857,61,3,"MALE"
"2495",4.28571428571429,52,2,"FEMALE"
"2496",6.14285714285714,31,0,"MALE"
"2497",0,27,0,"MALE"
